날짜,스트레스,집값
2016-07-14,13.00448,6.90582
2016-07-15,11.21076,5.56053
2016-07-16,11.21076,3.67713
2016-07-17,9.77578,4.21524
2016-07-18,13.81165,6.54708
2016-07-19,17.21973,6.90582
2016-07-20,13.36322,7.0852
2016-07-21,14.70852,5.73991
2016-07-22,12.91479,5.29147
2016-07-23,11.39013,4.75336
2016-07-24,8.43049,5.82959
2016-07-25,12.91479,7.0852
2016-07-26,11.83856,7.0852
2016-07-27,11.21076,9.14798
2016-07-28,11.65919,8.60986
2016-07-29,12.37668,6.00896
2016-07-30,7.89237,5.73991
2016-07-31,8.87892,5.56053
2016-08-01,12.10762,6.45739
2016-08-02,11.12107,8.78923
2016-08-03,13.00448,6.99551
2016-08-04,12.82511,6.63677
2016-08-05,10.76233,7.35426
2016-08-06,10.22421,5.02242
2016-08-07,8.3408,5.65022
2016-08-08,13.36322,6.45739
2016-08-09,14.1704,9.23766
2016-08-10,13.63228,7.17488
2016-08-11,13.00448,6.54708
2016-08-12,12.37668,5.65022
2016-08-13,9.23766,5.02242
2016-08-14,8.87892,5.65022
2016-08-15,9.41704,6.72645
2016-08-16,14.08071,6.63677
2016-08-17,13.90134,7.89237
2016-08-18,13.99103,7.17488
2016-08-19,15.06726,6.09865
2016-08-20,11.30044,6.99551
2016-08-21,9.86547,5.82959
2016-08-22,12.28699,5.56053
2016-08-23,15.96412,6.90582
2016-08-24,16.41255,6.36771
2016-08-25,12.82511,9.86547
2016-08-26,13.5426,13.63228
2016-08-27,11.5695,7.98206
2016-08-28,10.67264,6.90582
2016-08-29,13.90134,13.90134
2016-08-30,20.26905,19.55156
2016-08-31,25.20179,11.12107
2016-09-01,16.86098,9.50672
2016-09-02,18.38565,9.95515
2016-09-03,15.06726,8.52017
2016-09-04,14.08071,9.14798
2016-09-05,18.11659,10.76233
2016-09-06,17.48878,11.74887
2016-09-07,19.91031,10.67264
2016-09-08,18.47533,12.64573
2016-09-09,19.10313,12.37668
2016-09-10,10.76233,9.50672
2016-09-11,15.96412,8.07174
2016-09-12,16.05381,12.46636
2016-09-13,11.83856,8.25112
2016-09-14,10.13452,6.00896
2016-09-15,7.713,5.56053
2016-09-16,8.43049,6.27802
2016-09-17,12.37668,7.44394
2016-09-18,13.45291,8.87892
2016-09-19,14.70852,9.50672
2016-09-20,15.87443,7.713
2016-09-21,17.84753,7.53363
2016-09-22,16.41255,6.81614
2016-09-23,13.36322,5.82959
2016-09-24,15.15695,7.62331
2016-09-25,12.91479,6.90582
2016-09-26,15.78475,6.81614
2016-09-27,16.59192,9.05829
2016-09-28,14.34977,7.53363
2016-09-29,16.95067,8.16143
2016-09-30,16.41255,8.69955
2016-10-01,12.28699,7.44394
2016-10-02,11.39013,8.78923
2016-10-03,15.60538,13.45291
2016-10-04,18.11659,14.08071
2016-10-05,16.59192,11.30044
2016-10-06,14.1704,9.59641
2016-10-07,14.70852,11.47982
2016-10-08,11.30044,11.65919
2016-10-09,13.5426,11.5695
2016-10-10,12.73542,10.49327
2016-10-11,18.92376,11.65919
2016-10-12,17.13004,10.04484
2016-10-13,17.3991,9.68609
2016-10-14,13.5426,11.12107
2016-10-15,12.64573,11.5695
2016-10-16,12.37668,15.60538
2016-10-17,16.95067,19.01345
2016-10-18,17.48878,19.01345
2016-10-19,15.24663,19.01345
2016-10-20,17.30941,15.15695
2016-10-21,18.74439,11.21076
2016-10-22,12.46636,11.83856
2016-10-23,14.08071,15.33632
2016-10-24,16.05381,13.72197
2016-10-25,16.86098,12.64573
2016-10-26,21.2556,12.91479
2016-10-27,15.15695,11.92825
2016-10-28,13.27354,10.9417
2016-10-29,10.04484,11.12107
2016-10-30,10.49327,12.01793
2016-10-31,13.45291,11.74887
2016-11-01,16.05381,12.1973
2016-11-02,13.72197,16.86098
2016-11-03,15.60538,18.6547
2016-11-04,12.46636,12.91479
2016-11-05,10.58295,9.68609
2016-11-06,11.21076,9.32735
2016-11-07,16.86098,10.58295
2016-11-08,16.32286,13.5426
2016-11-09,15.87443,19.28251
2016-11-10,15.69506,12.28699
2016-11-11,11.92825,11.03139
2016-11-12,12.1973,8.16143
2016-11-13,12.64573,11.21076
2016-11-14,17.93721,16.23318
2016-11-15,13.72197,11.03139
2016-11-16,15.60538,12.82511
2016-11-17,14.1704,12.73542
2016-11-18,13.36322,9.68609
2016-11-19,10.9417,11.74887
2016-11-20,9.68609,8.69955
2016-11-21,12.91479,11.92825
2016-11-22,13.09417,12.01793
2016-11-23,13.99103,8.69955
2016-11-24,14.52914,12.01793
2016-11-25,11.74887,12.28699
2016-11-26,11.39013,9.05829
2016-11-27,9.86547,11.83856
2016-11-28,12.1973,13.00448
2016-11-29,16.14349,10.49327
2016-11-30,15.87443,13.90134
2016-12-01,14.1704,10.04484
2016-12-02,13.72197,10.3139
2016-12-03,10.22421,9.50672
2016-12-04,12.55605,11.92825
2016-12-05,13.5426,11.5695
2016-12-06,12.91479,11.39013
2016-12-07,13.00448,10.13452
2016-12-08,13.99103,10.13452
2016-12-09,10.3139,9.41704
2016-12-10,9.77578,7.98206
2016-12-11,11.03139,10.04484
2016-12-12,15.33632,10.49327
2016-12-13,13.63228,17.3991
2016-12-14,13.09417,10.49327
2016-12-15,10.9417,13.99103
2016-12-16,10.58295,12.10762
2016-12-17,10.04484,9.77578
2016-12-18,11.12107,11.92825
2016-12-19,13.63228,15.426
2016-12-20,13.09417,12.1973
2016-12-21,10.85201,10.9417
2016-12-22,11.83856,10.04484
2016-12-23,10.13452,9.50672
2016-12-24,5.29147,6.54708
2016-12-25,6.45739,8.9686
2016-12-26,9.95515,9.77578
2016-12-27,13.09417,12.01793
2016-12-28,12.91479,13.27354
2016-12-29,11.83856,15.24663
2016-12-30,10.04484,9.05829
2016-12-31,6.81614,5.38116
2017-01-01,8.07174,7.80269
2017-01-02,11.65919,11.21076
2017-01-03,10.76233,14.97757
2017-01-04,13.81165,12.91479
2017-01-05,11.65919,8.9686
2017-01-06,13.5426,8.52017
2017-01-07,12.01793,7.53363
2017-01-08,10.3139,13.81165
2017-01-09,13.81165,11.03139
2017-01-10,13.18385,9.05829
2017-01-11,12.37668,10.40358
2017-01-12,13.18385,11.74887
2017-01-13,14.1704,13.81165
2017-01-14,9.05829,6.81614
2017-01-15,9.86547,8.9686
2017-01-16,12.46636,11.5695
2017-01-17,15.33632,12.1973
2017-01-18,15.06726,9.95515
2017-01-19,13.18385,10.40358
2017-01-20,11.12107,11.39013
2017-01-21,8.69955,7.26457
2017-01-22,9.59641,10.13452
2017-01-23,13.18385,11.74887
2017-01-24,13.5426,12.91479
2017-01-25,12.46636,10.40358
2017-01-26,11.47982,9.77578
2017-01-27,7.713,4.57399
2017-01-28,7.26457,4.66367
2017-01-29,7.44394,7.89237
2017-01-30,11.03139,9.95515
2017-01-31,14.97757,13.63228
2017-02-01,13.5426,11.12107
2017-02-02,15.60538,10.58295
2017-02-03,13.90134,9.59641
2017-02-04,10.76233,8.07174
2017-02-05,12.64573,11.03139
2017-02-06,13.18385,14.88789
2017-02-07,14.26008,13.36322
2017-02-08,15.60538,11.03139
2017-02-09,13.18385,14.1704
2017-02-10,13.18385,9.41704
2017-02-11,9.50672,9.95515
2017-02-12,11.5695,10.04484
2017-02-13,14.97757,12.55605
2017-02-14,13.72197,11.30044
2017-02-15,15.33632,7.53363
2017-02-16,17.21973,11.03139
2017-02-17,14.70852,8.78923
2017-02-18,9.41704,6.72645
2017-02-19,11.74887,7.80269
2017-02-20,16.14349,9.32735
2017-02-21,12.10762,7.89237
2017-02-22,12.64573,10.85201
2017-02-23,13.63228,8.60986
2017-02-24,16.23318,9.23766
2017-02-25,11.5695,5.47085
2017-02-26,10.67264,7.53363
2017-02-27,11.65919,10.9417
2017-02-28,13.27354,7.98206
2017-03-01,10.13452,7.62331
2017-03-02,13.90134,7.80269
2017-03-03,15.33632,9.32735
2017-03-04,15.87443,7.89237
2017-03-05,11.03139,7.0852
2017-03-06,15.51569,6.99551
2017-03-07,13.36322,7.17488
2017-03-08,15.426,8.25112
2017-03-09,18.38565,6.99551
2017-03-10,12.10762,10.49327
2017-03-11,14.61883,6.18834
2017-03-12,12.73542,7.89237
2017-03-13,16.14349,8.52017
2017-03-14,14.7982,7.53363
2017-03-15,15.33632,8.07174
2017-03-16,14.7982,8.16143
2017-03-17,12.55605,9.05829
2017-03-18,11.21076,5.82959
2017-03-19,11.21076,7.89237
2017-03-20,15.51569,8.43049
2017-03-21,15.426,7.98206
2017-03-22,17.75784,7.53363
2017-03-23,17.84753,6.63677
2017-03-24,15.06726,8.25112
2017-03-25,9.68609,5.02242
2017-03-26,16.68161,7.0852
2017-03-27,15.87443,7.0852
2017-03-28,16.14349,8.69955
2017-03-29,17.84753,7.0852
2017-03-30,18.83408,7.17488
2017-03-31,15.78475,6.81614
2017-04-01,8.9686,5.29147
2017-04-02,13.18385,5.47085
2017-04-03,16.41255,7.35426
2017-04-04,17.75784,5.38116
2017-04-05,15.51569,6.81614
2017-04-06,16.23318,5.91928
2017-04-07,15.87443,6.00896
2017-04-08,10.58295,5.73991
2017-04-09,13.36322,6.18834
2017-04-10,16.32286,6.27802
2017-04-11,18.74439,6.63677
2017-04-12,15.426,6.09865
2017-04-13,16.23318,6.09865
2017-04-14,13.45291,8.3408
2017-04-15,10.3139,6.18834
2017-04-16,10.58295,7.35426
2017-04-17,16.05381,5.73991
2017-04-18,17.75784,6.09865
2017-04-19,17.66816,6.63677
2017-04-20,17.48878,7.17488
2017-04-21,12.37668,5.20179
2017-04-22,14.43946,4.30493
2017-04-23,12.46636,5.29147
2017-04-24,16.86098,6.36771
2017-04-25,16.68161,7.44394
2017-04-26,15.87443,5.65022
2017-04-27,14.97757,7.80269
2017-04-28,14.61883,4.30493
2017-04-29,10.13452,4.4843
2017-04-30,10.04484,7.53363
2017-05-01,14.26008,5.47085
2017-05-02,13.90134,9.05829
2017-05-03,8.69955,7.17488
2017-05-04,11.47982,7.713
2017-05-05,9.77578,6.09865
2017-05-06,9.86547,6.09865
2017-05-07,11.83856,5.29147
2017-05-08,12.82511,7.35426
2017-05-09,11.74887,9.14798
2017-05-10,15.33632,13.72197
2017-05-11,14.43946,12.28699
2017-05-12,12.73542,9.14798
2017-05-13,10.9417,7.44394
2017-05-14,12.73542,6.99551
2017-05-15,17.04035,9.23766
2017-05-16,17.21973,10.9417
2017-05-17,15.51569,9.05829
2017-05-18,18.11659,9.86547
2017-05-19,13.5426,12.10762
2017-05-20,12.73542,6.45739
2017-05-21,10.9417,7.89237
2017-05-22,18.83408,12.1973
2017-05-23,13.18385,11.83856
2017-05-24,16.95067,11.39013
2017-05-25,16.59192,17.04035
2017-05-26,14.26008,13.63228
2017-05-27,11.74887,13.99103
2017-05-28,14.43946,17.66816
2017-05-29,18.11659,21.52466
2017-05-30,16.59192,20.71748
2017-05-31,16.68161,14.34977
2017-06-01,16.68161,18.83408
2017-06-02,17.04035,16.41255
2017-06-03,11.39013,19.01345
2017-06-04,13.09417,14.61883
2017-06-05,13.00448,26.90582
2017-06-06,13.36322,25.91928
2017-06-07,18.11659,29.23766
2017-06-08,17.57847,25.82959
2017-06-09,17.3991,19.55156
2017-06-10,12.55605,14.97757
2017-06-11,13.99103,15.96412
2017-06-12,18.38565,23.31838
2017-06-13,16.50224,16.05381
2017-06-14,18.29596,19.46188
2017-06-15,19.64125,19.19282
2017-06-16,15.15695,14.70852
2017-06-17,12.37668,11.21076
2017-06-18,12.73542,15.78475
2017-06-19,17.48878,19.64125
2017-06-20,19.01345,16.59192
2017-06-21,18.38565,12.28699
2017-06-22,17.57847,14.43946
2017-06-23,13.18385,14.1704
2017-06-24,12.1973,11.74887
2017-06-25,11.12107,12.37668
2017-06-26,13.90134,13.18385
2017-06-27,17.04035,16.50224
2017-06-28,17.75784,13.63228
2017-06-29,16.68161,14.1704
2017-06-30,15.33632,12.01793
2017-07-01,11.92825,10.22421
2017-07-02,10.58295,12.73542
2017-07-03,14.1704,14.34977
2017-07-04,16.86098,14.1704
2017-07-05,13.09417,10.04484
2017-07-06,16.59192,12.28699
2017-07-07,15.87443,10.40358
2017-07-08,10.85201,10.85201
2017-07-09,11.83856,13.00448
2017-07-10,14.52914,21.52466
2017-07-11,16.05381,12.82511
2017-07-12,14.70852,13.90134
2017-07-13,14.34977,11.21076
2017-07-14,15.24663,12.64573
2017-07-15,11.65919,11.30044
2017-07-16,10.76233,13.09417
2017-07-17,16.14349,12.46636
2017-07-18,16.7713,13.27354
2017-07-19,13.99103,16.14349
2017-07-20,15.33632,19.19282
2017-07-21,14.52914,15.87443
2017-07-22,10.76233,14.1704
2017-07-23,8.69955,14.7982
2017-07-24,15.87443,15.06726
2017-07-25,15.15695,14.97757
2017-07-26,12.82511,16.7713
2017-07-27,16.59192,16.23318
2017-07-28,13.18385,19.01345
2017-07-29,7.713,12.73542
2017-07-30,7.62331,11.83856
2017-07-31,16.23318,16.59192
2017-08-01,13.72197,13.63228
2017-08-02,13.5426,21.07623
2017-08-03,11.65919,26.00896
2017-08-04,13.18385,19.10313
2017-08-05,10.40358,16.05381
2017-08-06,9.14798,12.73542
2017-08-07,12.01793,18.6547
2017-08-08,13.81165,16.50224
2017-08-09,15.60538,15.51569
2017-08-10,14.43946,15.69506
2017-08-11,12.55605,15.69506
2017-08-12,10.9417,10.85201
2017-08-13,11.83856,11.5695
2017-08-14,13.63228,14.70852
2017-08-15,11.12107,15.60538
2017-08-16,13.63228,15.60538
2017-08-17,13.18385,20.6278
2017-08-18,14.26008,16.23318
2017-08-19,11.83856,12.55605
2017-08-20,11.5695,15.06726
2017-08-21,16.32286,13.00448
2017-08-22,15.06726,15.69506
2017-08-23,16.05381,17.04035
2017-08-24,12.91479,15.24663
2017-08-25,15.24663,18.56502
2017-08-26,10.22421,13.72197
2017-08-27,10.22421,10.40358
2017-08-28,15.24663,14.7982
2017-08-29,12.55605,11.74887
2017-08-30,14.34977,9.77578
2017-08-31,14.26008,12.1973
2017-09-01,11.47982,12.64573
2017-09-02,10.76233,10.49327
2017-09-03,10.76233,8.87892
2017-09-04,15.78475,9.77578
2017-09-05,15.33632,12.28699
2017-09-06,18.0269,9.50672
2017-09-07,16.59192,11.5695
2017-09-08,13.5426,10.13452
2017-09-09,9.95515,10.3139
2017-09-10,12.1973,9.32735
2017-09-11,14.7982,10.22421
2017-09-12,17.93721,9.68609
2017-09-13,16.32286,10.85201
2017-09-14,14.7982,11.39013
2017-09-15,12.64573,9.32735
2017-09-16,11.92825,10.40358
2017-09-17,9.05829,9.14798
2017-09-18,18.6547,11.47982
2017-09-19,13.45291,15.33632
2017-09-20,17.66816,9.77578
2017-09-21,13.18385,11.03139
2017-09-22,14.97757,10.76233
2017-09-23,11.74887,10.13452
2017-09-24,13.81165,9.77578
2017-09-25,18.29596,11.47982
2017-09-26,17.84753,10.49327
2017-09-27,15.60538,10.85201
2017-09-28,14.97757,11.47982
2017-09-29,12.37668,6.72645
2017-09-30,9.68609,7.53363
2017-10-01,9.59641,8.3408
2017-10-02,11.65919,7.35426
2017-10-03,7.713,6.63677
2017-10-04,7.44394,5.65022
2017-10-05,8.25112,5.02242
2017-10-06,8.60986,8.87892
2017-10-07,9.41704,8.52017
2017-10-08,12.01793,8.3408
2017-10-09,15.15695,10.22421
2017-10-10,18.11659,11.03139
2017-10-11,16.23318,11.74887
2017-10-12,14.08071,12.01793
2017-10-13,12.37668,10.9417
2017-10-14,9.50672,11.21076
2017-10-15,12.37668,9.50672
2017-10-16,14.7982,9.86547
2017-10-17,14.88789,10.22421
2017-10-18,14.61883,12.1973
2017-10-19,15.06726,11.12107
2017-10-20,12.28699,8.69955
2017-10-21,10.9417,11.03139
2017-10-22,11.92825,10.22421
2017-10-23,16.59192,13.27354
2017-10-24,15.60538,15.87443
2017-10-25,15.51569,17.3991
2017-10-26,18.56502,14.1704
2017-10-27,12.28699,12.37668
2017-10-28,10.40358,8.3408
2017-10-29,12.28699,11.39013
2017-10-30,13.90134,13.09417
2017-10-31,14.34977,8.60986
2017-11-01,12.55605,11.03139
2017-11-02,16.59192,12.46636
2017-11-03,13.90134,11.5695
2017-11-04,10.13452,8.60986
2017-11-05,12.55605,8.78923
2017-11-06,15.60538,9.59641
2017-11-07,15.15695,13.72197
2017-11-08,17.13004,10.58295
2017-11-09,14.7982,11.12107
2017-11-10,11.03139,11.12107
2017-11-11,9.77578,9.23766
2017-11-12,13.00448,9.59641
2017-11-13,15.06726,12.46636
2017-11-14,14.1704,12.64573
2017-11-15,13.63228,9.68609
2017-11-16,12.55605,10.67264
2017-11-17,11.74887,9.68609
2017-11-18,8.52017,9.23766
2017-11-19,9.50672,12.01793
2017-11-20,15.60538,11.65919
2017-11-21,13.00448,12.82511
2017-11-22,12.64573,13.00448
2017-11-23,14.70852,10.85201
2017-11-24,12.73542,10.04484
2017-11-25,8.87892,10.58295
2017-11-26,12.10762,11.74887
2017-11-27,13.18385,9.77578
2017-11-28,16.68161,11.12107
2017-11-29,15.24663,7.98206
2017-11-30,13.90134,12.46636
2017-12-01,11.21076,11.5695
2017-12-02,10.13452,9.59641
2017-12-03,12.64573,9.50672
2017-12-04,15.24663,12.82511
2017-12-05,18.29596,10.13452
2017-12-06,13.72197,10.85201
2017-12-07,14.1704,9.68609
2017-12-08,15.426,8.78923
2017-12-09,8.25112,8.60986
2017-12-10,11.03139,8.9686
2017-12-11,14.1704,9.95515
2017-12-12,11.5695,11.74887
2017-12-13,14.52914,11.12107
2017-12-14,13.63228,10.22421
2017-12-15,10.58295,8.9686
2017-12-16,9.59641,8.52017
2017-12-17,12.46636,8.60986
2017-12-18,13.00448,10.3139
2017-12-19,12.1973,8.9686
2017-12-20,13.81165,13.09417
2017-12-21,11.65919,12.1973
2017-12-22,12.64573,9.05829
2017-12-23,10.3139,7.0852
2017-12-24,7.53363,6.81614
2017-12-25,8.87892,9.32735
2017-12-26,10.9417,9.23766
2017-12-27,13.5426,11.83856
2017-12-28,11.5695,9.59641
2017-12-29,9.32735,11.39013
2017-12-30,9.05829,8.3408
2017-12-31,6.90582,6.36771
2018-01-01,6.63677,8.43049
2018-01-02,11.12107,10.76233
2018-01-03,14.08071,10.04484
2018-01-04,14.34977,11.74887
2018-01-05,11.83856,14.7982
2018-01-06,10.58295,14.43946
2018-01-07,9.59641,13.45291
2018-01-08,12.73542,16.41255
2018-01-09,15.87443,17.04035
2018-01-10,14.52914,16.68161
2018-01-11,14.1704,17.04035
2018-01-12,12.37668,17.66816
2018-01-13,9.50672,18.20627
2018-01-14,11.30044,20.89686
2018-01-15,12.82511,23.04932
2018-01-16,17.21973,22.42152
2018-01-17,22.69058,20.17937
2018-01-18,16.41255,18.47533
2018-01-19,15.24663,15.60538
2018-01-20,11.5695,16.23318
2018-01-21,13.00448,15.60538
2018-01-22,19.82062,18.74439
2018-01-23,19.01345,22.86995
2018-01-24,15.51569,20.35874
2018-01-25,15.96412,21.61434
2018-01-26,14.7982,21.07623
2018-01-27,12.1973,15.06726
2018-01-28,10.9417,17.3991
2018-01-29,17.04035,21.97309
2018-01-30,19.82062,20.6278
2018-01-31,18.38565,16.05381
2018-02-01,17.66816,18.20627
2018-02-02,15.60538,17.75784
2018-02-03,11.5695,17.21973
2018-02-04,13.72197,16.23318
2018-02-05,14.1704,20.98654
2018-02-06,15.87443,21.61434
2018-02-07,19.55156,16.86098
2018-02-08,17.3991,18.38565
2018-02-09,15.06726,16.05381
2018-02-10,10.9417,14.43946
2018-02-11,11.5695,14.70852
2018-02-12,15.87443,17.84753
2018-02-13,17.66816,17.66816
2018-02-14,13.45291,13.72197
2018-02-15,10.3139,11.65919
2018-02-16,7.98206,8.78923
2018-02-17,9.05829,11.83856
2018-02-18,12.46636,14.1704
2018-02-19,15.87443,19.46188
2018-02-20,14.70852,15.69506
2018-02-21,13.36322,16.7713
2018-02-22,14.26008,17.21973
2018-02-23,12.91479,18.83408
2018-02-24,10.04484,15.15695
2018-02-25,12.37668,23.8565
2018-02-26,13.5426,18.92376
2018-02-27,16.86098,20.89686
2018-02-28,11.39013,19.91031
2018-03-01,12.28699,17.30941
2018-03-02,15.24663,16.68161
2018-03-03,11.74887,14.1704
2018-03-04,13.5426,15.24663
2018-03-05,13.99103,14.97757
2018-03-06,13.99103,13.09417
2018-03-07,14.7982,12.82511
2018-03-08,14.26008,16.23318
2018-03-09,15.51569,15.60538
2018-03-10,10.67264,17.13004
2018-03-11,12.01793,16.68161
2018-03-12,15.33632,17.3991
2018-03-13,16.05381,21.34529
2018-03-14,16.14349,16.95067
2018-03-15,17.04035,17.75784
2018-03-16,14.26008,16.23318
2018-03-17,12.82511,15.426
2018-03-18,12.55605,16.32286
2018-03-19,13.00448,22.69058
2018-03-20,16.59192,16.86098
2018-03-21,19.28251,19.37219
2018-03-22,16.41255,20.98654
2018-03-23,15.24663,17.3991
2018-03-24,13.45291,16.50224
2018-03-25,12.37668,16.95067
2018-03-26,15.87443,18.6547
2018-03-27,15.426,25.65022
2018-03-28,15.87443,23.31838
2018-03-29,14.34977,28.07174
2018-03-30,13.5426,24.21524
2018-03-31,12.82511,18.47533
2018-04-01,12.64573,15.96412
2018-04-02,15.78475,22.51121
2018-04-03,18.0269,19.73094
2018-04-04,19.19282,20.44843
2018-04-05,15.15695,19.46188
2018-04-06,15.69506,15.60538
2018-04-07,10.9417,15.15695
2018-04-08,14.34977,17.30941
2018-04-09,15.78475,17.13004
2018-04-10,15.87443,20.89686
2018-04-11,19.10313,14.1704
2018-04-12,17.30941,17.57847
2018-04-13,14.34977,12.82511
2018-04-14,11.12107,13.36322
2018-04-15,16.32286,15.60538
2018-04-16,18.0269,18.38565
2018-04-17,18.83408,15.426
2018-04-18,19.01345,15.06726
2018-04-19,17.21973,18.56502
2018-04-20,16.95067,13.81165
2018-04-21,12.10762,10.9417
2018-04-22,13.81165,15.60538
2018-04-23,14.97757,13.72197
2018-04-24,15.15695,12.46636
2018-04-25,14.70852,11.21076
2018-04-26,14.43946,13.18385
2018-04-27,13.27354,13.45291
2018-04-28,11.30044,10.3139
2018-04-29,12.73542,9.23766
2018-04-30,16.14349,13.00448
2018-05-01,15.51569,10.13452
2018-05-02,16.32286,13.09417
2018-05-03,17.48878,11.92825
2018-05-04,14.7982,9.86547
2018-05-05,10.40358,8.43049
2018-05-06,9.50672,7.35426
2018-05-07,12.55605,9.23766
2018-05-08,15.24663,9.59641
2018-05-09,15.33632,12.1973
2018-05-10,14.7982,11.83856
2018-05-11,16.68161,10.04484
2018-05-12,11.74887,8.52017
2018-05-13,11.03139,9.86547
2018-05-14,17.75784,12.10762
2018-05-15,16.50224,10.85201
2018-05-16,17.13004,10.3139
2018-05-17,14.61883,9.68609
2018-05-18,13.99103,8.60986
2018-05-19,12.1973,9.05829
2018-05-20,11.21076,9.50672
2018-05-21,12.91479,11.03139
2018-05-22,15.15695,11.83856
2018-05-23,16.32286,12.01793
2018-05-24,17.48878,13.36322
2018-05-25,15.60538,10.49327
2018-05-26,10.9417,11.47982
2018-05-27,11.12107,9.05829
2018-05-28,17.84753,11.65919
2018-05-29,16.7713,11.03139
2018-05-30,16.86098,10.40358
2018-05-31,17.3991,11.92825
2018-06-01,16.05381,12.01793
2018-06-02,10.85201,11.5695
2018-06-03,11.47982,11.83856
2018-06-04,16.14349,12.37668
2018-06-05,15.51569,9.86547
2018-06-06,12.91479,8.87892
2018-06-07,17.93721,12.55605
2018-06-08,14.34977,8.16143
2018-06-09,12.82511,9.14798
2018-06-10,13.5426,9.86547
2018-06-11,15.426,9.59641
2018-06-12,15.15695,10.40358
2018-06-13,14.08071,10.13452
2018-06-14,16.14349,14.97757
2018-06-15,15.96412,10.58295
2018-06-16,11.21076,9.95515
2018-06-17,14.61883,10.3139
2018-06-18,16.95067,15.33632
2018-06-19,16.50224,11.30044
2018-06-20,17.13004,10.9417
2018-06-21,17.66816,11.30044
2018-06-22,17.66816,11.12107
2018-06-23,11.65919,9.32735
2018-06-24,12.82511,10.49327
2018-06-25,15.24663,12.82511
2018-06-26,19.01345,9.86547
2018-06-27,17.30941,10.9417
2018-06-28,18.47533,11.39013
2018-06-29,16.41255,10.85201
2018-06-30,10.9417,8.16143
2018-07-01,11.39013,7.35426
2018-07-02,16.14349,10.49327
2018-07-03,13.90134,10.22421
2018-07-04,14.7982,12.10762
2018-07-05,15.96412,14.61883
2018-07-06,14.88789,9.86547
2018-07-07,10.04484,7.0852
2018-07-08,13.72197,9.14798
2018-07-09,15.69506,10.9417
2018-07-10,18.0269,9.32735
2018-07-11,15.15695,9.77578
2018-07-12,18.6547,13.36322
2018-07-13,12.73542,12.64573
2018-07-14,12.28699,8.52017
2018-07-15,11.21076,10.58295
2018-07-16,13.5426,10.85201
2018-07-17,13.09417,10.9417
2018-07-18,15.15695,10.49327
2018-07-19,13.27354,12.73542
2018-07-20,14.61883,10.76233
2018-07-21,9.50672,8.60986
2018-07-22,10.04484,10.9417
2018-07-23,14.08071,15.15695
2018-07-24,13.5426,11.92825
2018-07-25,13.63228,10.67264
2018-07-26,13.81165,12.82511
2018-07-27,13.5426,12.01793
2018-07-28,9.41704,8.60986
2018-07-29,9.95515,11.12107
2018-07-30,13.27354,9.95515
2018-07-31,10.9417,11.83856
2018-08-01,12.28699,11.65919
2018-08-02,12.01793,13.09417
2018-08-03,11.03139,12.10762
2018-08-04,9.41704,9.59641
2018-08-05,12.55605,11.12107
2018-08-06,15.06726,17.66816
2018-08-07,17.84753,15.69506
2018-08-08,13.27354,15.24663
2018-08-09,15.78475,17.57847
2018-08-10,12.82511,17.75784
2018-08-11,10.13452,12.91479
2018-08-12,9.95515,13.00448
2018-08-13,15.24663,21.43497
2018-08-14,16.32286,17.30941
2018-08-15,11.65919,15.24663
2018-08-16,13.18385,23.22869
2018-08-17,12.82511,23.04932
2018-08-18,10.22421,19.73094
2018-08-19,12.1973,24.66367
2018-08-20,15.24663,37.66816
2018-08-21,15.78475,34.26008
2018-08-22,15.87443,33.27354
2018-08-23,13.18385,26.27802
2018-08-24,13.99103,39.64125
2018-08-25,13.09417,32.37668
2018-08-26,11.5695,29.86547
2018-08-27,15.24663,37.75784
2018-08-28,16.41255,30.85201
2018-08-29,15.69506,30.67264
2018-08-30,18.47533,32.55605
2018-08-31,14.08071,31.03139
2018-09-01,12.01793,30.58295
2018-09-02,11.03139,30.85201
2018-09-03,15.60538,34.08071
2018-09-04,16.41255,32.10762
2018-09-05,17.3991,52.73542
2018-09-06,16.7713,48.69955
2018-09-07,15.51569,42.95964
2018-09-08,8.9686,34.70852
2018-09-09,12.55605,33.27354
2018-09-10,17.13004,44.93273
2018-09-11,14.97757,43.04932
2018-09-12,16.32286,35.87443
2018-09-13,15.24663,36.14349
2018-09-14,16.05381,33.45291
2018-09-15,9.59641,23.76681
2018-09-16,12.01793,21.70403
2018-09-17,16.50224,30.40358
2018-09-18,17.75784,30.04484
2018-09-19,16.14349,25.1121
2018-09-20,14.7982,24.66367
2018-09-21,16.05381,26.54708
2018-09-22,10.40358,15.51569
2018-09-23,9.23766,14.97757
2018-09-24,7.80269,14.52914
2018-09-25,7.713,16.59192
2018-09-26,14.43946,19.19282
2018-09-27,15.60538,28.52017
2018-09-28,14.26008,22.95964
2018-09-29,10.85201,21.2556
2018-09-30,14.08071,19.73094
2018-10-01,14.52914,27.98206
2018-10-02,13.00448,27.89237
2018-10-03,13.27354,22.78026
2018-10-04,15.24663,23.49775
2018-10-05,17.93721,23.04932
2018-10-06,15.24663,22.24215
2018-10-07,12.1973,25.82959
2018-10-08,15.78475,22.42152
2018-10-09,13.72197,23.22869
2018-10-10,13.99103,24.93273
2018-10-11,14.88789,24.75336
2018-10-12,11.39013,20.6278
2018-10-13,10.67264,17.57847
2018-10-14,9.86547,18.0269
2018-10-15,14.70852,21.79372
2018-10-16,17.75784,20.80717
2018-10-17,15.33632,23.31838
2018-10-18,16.05381,17.75784
2018-10-19,13.27354,19.19282
2018-10-20,11.12107,15.33632
2018-10-21,13.09417,17.48878
2018-10-22,16.95067,17.93721
2018-10-23,17.66816,22.60089
2018-10-24,16.59192,21.2556
2018-10-25,15.69506,24.66367
2018-10-26,15.15695,20.0
2018-10-27,9.77578,16.7713
2018-10-28,10.67264,18.0269
2018-10-29,15.69506,27.0852
2018-10-30,16.41255,25.38116
2018-10-31,15.15695,22.69058
2018-11-01,13.72197,21.70403
2018-11-02,13.18385,25.1121
2018-11-03,11.83856,19.55156
2018-11-04,12.46636,18.38565
2018-11-05,15.426,22.60089
2018-11-06,14.34977,21.2556
2018-11-07,15.69506,21.61434
2018-11-08,13.36322,22.95964
2018-11-09,14.34977,15.78475
2018-11-10,14.26008,16.59192
2018-11-11,14.08071,17.93721
2018-11-12,16.7713,20.44843
2018-11-13,14.70852,18.92376
2018-11-14,15.24663,19.91031
2018-11-15,13.27354,23.04932
2018-11-16,12.28699,20.26905
2018-11-17,12.82511,15.69506
2018-11-18,13.00448,17.84753
2018-11-19,13.90134,18.74439
2018-11-20,14.08071,19.19282
2018-11-21,14.43946,18.56502
2018-11-22,17.57847,19.82062
2018-11-23,16.05381,17.75784
2018-11-24,10.22421,12.64573
2018-11-25,10.3139,18.6547
2018-11-26,14.7982,16.68161
2018-11-27,14.97757,16.41255
2018-11-28,16.7713,17.30941
2018-11-29,14.26008,18.74439
2018-11-30,12.46636,16.7713
2018-12-01,10.22421,13.99103
2018-12-02,10.76233,15.78475
2018-12-03,14.70852,17.21973
2018-12-04,17.48878,18.29596
2018-12-05,13.99103,13.99103
2018-12-06,14.43946,13.99103
2018-12-07,12.1973,16.05381
2018-12-08,9.50672,12.55605
2018-12-09,11.5695,14.26008
2018-12-10,14.08071,14.61883
2018-12-11,13.27354,14.7982
2018-12-12,13.27354,14.88789
2018-12-13,14.70852,14.88789
2018-12-14,12.1973,13.5426
2018-12-15,9.41704,11.74887
2018-12-16,9.95515,12.28699
2018-12-17,15.24663,11.5695
2018-12-18,16.50224,12.64573
2018-12-19,14.70852,11.65919
2018-12-20,13.36322,15.69506
2018-12-21,12.91479,14.70852
2018-12-22,11.92825,9.50672
2018-12-23,8.87892,11.03139
2018-12-24,9.95515,9.41704
2018-12-25,10.22421,11.47982
2018-12-26,9.32735,14.7982
2018-12-27,11.92825,14.08071
2018-12-28,11.65919,11.47982
2018-12-29,8.16143,9.50672
2018-12-30,8.07174,11.21076
2018-12-31,10.40358,8.9686
2019-01-01,7.26457,8.25112
2019-01-02,10.67264,11.92825
2019-01-03,12.73542,14.08071
2019-01-04,12.55605,10.76233
2019-01-05,9.23766,8.69955
2019-01-06,11.03139,10.49327
2019-01-07,13.5426,13.99103
2019-01-08,14.61883,10.13452
2019-01-09,14.34977,12.46636
2019-01-10,13.18385,13.63228
2019-01-11,14.61883,11.39013
2019-01-12,11.03139,9.95515
2019-01-13,12.1973,15.24663
2019-01-14,14.43946,14.70852
2019-01-15,15.87443,13.18385
2019-01-16,15.24663,15.33632
2019-01-17,16.05381,13.90134
2019-01-18,14.88789,12.37668
2019-01-19,12.73542,10.85201
2019-01-20,10.3139,16.7713
2019-01-21,16.14349,16.32286
2019-01-22,18.11659,13.63228
2019-01-23,15.96412,13.90134
2019-01-24,14.34977,15.51569
2019-01-25,14.97757,13.81165
2019-01-26,10.22421,14.61883
2019-01-27,12.91479,12.82511
2019-01-28,13.90134,16.14349
2019-01-29,15.33632,12.91479
2019-01-30,16.32286,13.45291
2019-01-31,15.24663,12.10762
2019-02-01,13.45291,10.04484
2019-02-02,9.05829,9.41704
2019-02-03,10.22421,9.32735
2019-02-04,9.77578,7.713
2019-02-05,9.32735,12.10762
2019-02-06,10.76233,13.09417
2019-02-07,15.78475,16.32286
2019-02-08,15.426,12.64573
2019-02-09,11.5695,13.5426
2019-02-10,11.83856,17.75784
2019-02-11,13.99103,17.84753
2019-02-12,16.14349,14.70852
2019-02-13,14.52914,15.06726
2019-02-14,15.51569,12.64573
2019-02-15,15.60538,9.23766
2019-02-16,11.12107,8.87892
2019-02-17,10.3139,10.9417
2019-02-18,16.05381,11.30044
2019-02-19,15.33632,13.90134
2019-02-20,16.32286,8.87892
2019-02-21,14.52914,13.63228
2019-02-22,16.05381,10.67264
2019-02-23,12.46636,9.14798
2019-02-24,11.30044,14.34977
2019-02-25,16.86098,13.27354
2019-02-26,17.21973,14.52914
2019-02-27,14.61883,11.21076
2019-02-28,15.60538,10.40358
2019-03-01,12.91479,9.86547
2019-03-02,12.01793,11.21076
2019-03-03,12.91479,9.32735
2019-03-04,14.34977,9.23766
2019-03-05,14.7982,9.32735
2019-03-06,14.1704,12.1973
2019-03-07,16.86098,9.95515
2019-03-08,13.72197,10.13452
2019-03-09,11.03139,9.05829
2019-03-10,11.30044,8.69955
2019-03-11,17.30941,10.13452
2019-03-12,15.96412,9.95515
2019-03-13,15.51569,7.713
2019-03-14,13.81165,9.95515
2019-03-15,15.06726,9.86547
2019-03-16,13.18385,9.77578
2019-03-17,12.28699,8.43049
2019-03-18,18.74439,7.98206
2019-03-19,16.14349,8.43049
2019-03-20,17.57847,10.13452
2019-03-21,14.61883,9.50672
2019-03-22,18.38565,9.50672
2019-03-23,13.63228,7.80269
2019-03-24,12.28699,9.50672
2019-03-25,16.95067,9.14798
2019-03-26,17.13004,9.32735
2019-03-27,21.61434,14.52914
2019-03-28,19.73094,8.25112
2019-03-29,17.93721,10.40358
2019-03-30,13.36322,8.52017
2019-03-31,14.70852,12.28699
2019-04-01,16.05381,13.72197
2019-04-02,15.426,10.22421
2019-04-03,19.19282,7.35426
2019-04-04,15.87443,9.95515
2019-04-05,13.18385,7.713
2019-04-06,11.65919,7.89237
2019-04-07,13.99103,10.58295
2019-04-08,15.60538,12.1973
2019-04-09,17.75784,8.9686
2019-04-10,15.96412,8.07174
2019-04-11,19.10313,8.16143
2019-04-12,15.06726,6.72645
2019-04-13,13.99103,6.90582
2019-04-14,14.70852,7.89237
2019-04-15,15.69506,9.05829
2019-04-16,19.82062,8.07174
2019-04-17,17.48878,9.50672
2019-04-18,17.66816,8.87892
2019-04-19,16.32286,7.713
2019-04-20,14.61883,7.17488
2019-04-21,15.33632,8.60986
2019-04-22,18.11659,10.9417
2019-04-23,21.2556,7.89237
2019-04-24,22.15246,7.35426
2019-04-25,19.37219,10.58295
2019-04-26,15.78475,7.713
2019-04-27,16.14349,8.07174
2019-04-28,15.87443,7.62331
2019-04-29,18.6547,10.22421
2019-04-30,18.56502,8.9686
2019-05-01,14.52914,8.25112
2019-05-02,17.48878,10.22421
2019-05-03,14.08071,9.68609
2019-05-04,13.45291,8.16143
2019-05-05,6.72645,8.3408
2019-05-06,13.63228,11.12107
2019-05-07,17.93721,12.55605
2019-05-08,15.96412,11.30044
2019-05-09,19.19282,11.74887
2019-05-10,14.7982,10.04484
2019-05-11,14.61883,9.68609
2019-05-12,12.55605,9.50672
2019-05-13,18.74439,10.85201
2019-05-14,18.74439,12.01793
2019-05-15,18.6547,10.49327
2019-05-16,20.35874,8.69955
2019-05-17,16.86098,8.69955
2019-05-18,12.01793,7.35426
2019-05-19,15.426,8.07174
2019-05-20,19.82062,9.59641
2019-05-21,20.44843,9.95515
2019-05-22,20.08968,9.68609
2019-05-23,17.75784,10.9417
2019-05-24,19.37219,8.07174
2019-05-25,13.45291,7.35426
2019-05-26,17.84753,6.54708
2019-05-27,19.10313,10.76233
2019-05-28,20.89686,12.82511
2019-05-29,17.48878,11.21076
2019-05-30,20.71748,8.9686
2019-05-31,16.95067,7.62331
2019-06-01,12.1973,6.27802
2019-06-02,12.82511,6.63677
2019-06-03,19.37219,10.3139
2019-06-04,20.26905,9.86547
2019-06-05,16.7713,7.53363
2019-06-06,13.27354,7.26457
2019-06-07,15.06726,9.23766
2019-06-08,11.65919,7.17488
2019-06-09,15.96412,7.44394
2019-06-10,18.74439,11.39013
2019-06-11,18.74439,10.9417
2019-06-12,18.6547,13.27354
2019-06-13,17.30941,13.36322
2019-06-14,15.06726,15.96412
2019-06-15,10.85201,10.22421
2019-06-16,14.61883,9.32735
2019-06-17,17.13004,14.70852
2019-06-18,17.13004,9.23766
2019-06-19,18.56502,10.3139
2019-06-20,22.06278,13.72197
2019-06-21,16.23318,15.69506
2019-06-22,14.97757,12.28699
2019-06-23,13.45291,15.33632
2019-06-24,17.04035,17.04035
2019-06-25,17.3991,16.68161
2019-06-26,16.41255,13.5426
2019-06-27,15.426,12.64573
2019-06-28,17.93721,12.1973
2019-06-29,11.39013,11.03139
2019-06-30,11.92825,11.12107
2019-07-01,15.51569,14.43946
2019-07-02,17.48878,13.00448
2019-07-03,17.66816,14.52914
2019-07-04,15.24663,12.46636
2019-07-05,15.426,12.55605
2019-07-06,10.04484,11.47982
2019-07-07,11.21076,17.30941
2019-07-08,16.68161,20.35874
2019-07-09,15.15695,16.41255
2019-07-10,13.81165,14.34977
2019-07-11,16.32286,13.27354
2019-07-12,15.87443,15.69506
2019-07-13,9.86547,10.04484
2019-07-14,9.23766,9.32735
2019-07-15,14.34977,15.24663
2019-07-16,16.86098,15.51569
2019-07-17,18.6547,12.37668
2019-07-18,16.05381,13.36322
2019-07-19,13.00448,12.73542
2019-07-20,10.9417,11.12107
2019-07-21,10.40358,11.39013
2019-07-22,16.05381,12.64573
2019-07-23,13.36322,13.5426
2019-07-24,16.05381,12.37668
2019-07-25,13.72197,13.81165
2019-07-26,11.74887,17.13004
2019-07-27,8.43049,9.86547
2019-07-28,10.49327,9.41704
2019-07-29,13.5426,14.52914
2019-07-30,14.7982,13.5426
2019-07-31,11.83856,11.74887
2019-08-01,12.64573,17.04035
2019-08-02,11.74887,14.34977
2019-08-03,10.13452,10.58295
2019-08-04,10.58295,11.39013
2019-08-05,10.22421,17.75784
2019-08-06,14.08071,18.6547
2019-08-07,13.36322,15.87443
2019-08-08,13.27354,14.34977
2019-08-09,11.21076,10.76233
2019-08-10,11.30044,8.87892
2019-08-11,9.41704,8.9686
2019-08-12,15.33632,15.06726
2019-08-13,16.50224,13.63228
2019-08-14,13.72197,10.22421
2019-08-15,12.73542,9.86547
2019-08-16,11.83856,10.76233
2019-08-17,9.59641,8.78923
2019-08-18,9.86547,9.23766
2019-08-19,14.08071,11.74887
2019-08-20,14.7982,13.36322
2019-08-21,15.51569,12.01793
2019-08-22,14.52914,12.46636
2019-08-23,14.70852,11.47982
2019-08-24,13.45291,9.41704
2019-08-25,14.61883,8.69955
2019-08-26,15.69506,13.45291
2019-08-27,17.04035,11.5695
2019-08-28,15.69506,11.74887
2019-08-29,13.18385,12.46636
2019-08-30,12.55605,9.50672
2019-08-31,11.83856,7.35426
2019-09-01,11.83856,9.50672
2019-09-02,16.32286,12.01793
2019-09-03,16.14349,11.5695
2019-09-04,16.95067,11.03139
2019-09-05,14.1704,10.3139
2019-09-06,15.426,7.98206
2019-09-07,11.39013,6.36771
2019-09-08,15.51569,9.41704
2019-09-09,18.38565,14.43946
2019-09-10,19.19282,12.82511
2019-09-11,12.64573,9.77578
2019-09-12,10.04484,7.35426
2019-09-13,6.99551,7.0852
2019-09-14,9.14798,9.41704
2019-09-15,14.08071,10.04484
2019-09-16,14.52914,16.14349
2019-09-17,17.93721,14.34977
2019-09-18,16.05381,14.34977
2019-09-19,14.70852,11.12107
2019-09-20,15.426,12.28699
2019-09-21,11.74887,10.67264
2019-09-22,12.82511,11.39013
2019-09-23,16.23318,10.85201
2019-09-24,16.32286,12.37668
2019-09-25,12.55605,12.91479
2019-09-26,16.50224,14.61883
2019-09-27,14.34977,11.92825
2019-09-28,11.65919,12.46636
2019-09-29,13.27354,9.86547
2019-09-30,19.91031,14.61883
2019-10-01,15.78475,14.88789
2019-10-02,38.83408,13.63228
2019-10-03,11.5695,11.12107
2019-10-04,14.43946,10.58295
2019-10-05,10.04484,9.86547
2019-10-06,11.21076,10.9417
2019-10-07,13.72197,16.86098
2019-10-08,13.00448,12.91479
2019-10-09,11.74887,12.28699
2019-10-10,12.46636,15.33632
2019-10-11,13.36322,12.37668
2019-10-12,11.74887,9.14798
2019-10-13,10.3139,10.9417
2019-10-14,13.63228,14.1704
2019-10-15,14.88789,12.46636
2019-10-16,14.88789,16.32286
2019-10-17,15.96412,14.70852
2019-10-18,13.45291,13.09417
2019-10-19,11.12107,12.82511
2019-10-20,14.1704,18.11659
2019-10-21,16.50224,21.16591
2019-10-22,13.81165,14.61883
2019-10-23,17.30941,13.09417
2019-10-24,14.7982,15.78475
2019-10-25,14.70852,13.63228
2019-10-26,12.1973,15.51569
2019-10-27,11.21076,14.61883
2019-10-28,12.91479,16.7713
2019-10-29,13.27354,17.75784
2019-10-30,15.06726,16.05381
2019-10-31,18.20627,13.27354
2019-11-01,13.90134,15.15695
2019-11-02,10.04484,11.47982
2019-11-03,13.18385,11.83856
2019-11-04,16.95067,16.32286
2019-11-05,16.7713,17.13004
2019-11-06,16.23318,18.56502
2019-11-07,14.70852,19.64125
2019-11-08,14.7982,13.99103
2019-11-09,11.5695,15.15695
2019-11-10,11.12107,15.69506
2019-11-11,15.06726,16.59192
2019-11-12,18.0269,17.3991
2019-11-13,14.08071,16.41255
2019-11-14,15.69506,12.10762
2019-11-15,12.64573,16.05381
2019-11-16,11.5695,11.12107
2019-11-17,11.83856,14.61883
2019-11-18,16.41255,17.93721
2019-11-19,14.61883,23.94618
2019-11-20,17.04035,20.44843
2019-11-21,14.43946,18.47533
2019-11-22,14.43946,21.43497
2019-11-23,9.68609,12.82511
2019-11-24,10.3139,16.14349
2019-11-25,15.24663,17.66816
2019-11-26,15.78475,19.91031
2019-11-27,16.68161,24.39461
2019-11-28,13.00448,24.66367
2019-11-29,12.91479,17.93721
2019-11-30,9.77578,14.43946
2019-12-01,11.5695,18.38565
2019-12-02,14.26008,19.28251
2019-12-03,15.15695,16.7713
2019-12-04,15.60538,21.97309
2019-12-05,14.34977,19.01345
2019-12-06,13.18385,20.26905
2019-12-07,9.32735,16.50224
2019-12-08,12.46636,20.6278
2019-12-09,14.61883,25.73991
2019-12-10,17.3991,23.04932
2019-12-11,16.95067,29.41704
2019-12-12,13.63228,27.35426
2019-12-13,12.01793,27.98206
2019-12-14,12.01793,21.43497
2019-12-15,11.30044,22.24215
2019-12-16,14.52914,43.31838
2019-12-17,14.52914,40.26905
2019-12-18,13.90134,34.43946
2019-12-19,14.7982,29.59641
2019-12-20,12.64573,29.68609
2019-12-21,10.04484,22.24215
2019-12-22,6.54708,28.69955
2019-12-23,12.55605,30.85201
2019-12-24,12.46636,24.66367
2019-12-25,8.60986,21.52466
2019-12-26,12.01793,28.43049
2019-12-27,13.72197,25.73991
2019-12-28,9.14798,21.16591
2019-12-29,9.95515,23.49775
2019-12-30,9.23766,27.26457
2019-12-31,6.99551,25.73991
2020-01-01,7.62331,22.06278
2020-01-02,12.28699,25.02242
2020-01-03,12.1973,26.09865
2020-01-04,10.85201,20.89686
2020-01-05,11.39013,21.8834
2020-01-06,12.64573,28.9686
2020-01-07,15.33632,32.28699
2020-01-08,15.60538,30.9417
2020-01-09,12.28699,30.40358
2020-01-10,13.18385,25.56053
2020-01-11,8.87892,21.2556
2020-01-12,10.40358,23.40807
2020-01-13,15.60538,30.85201
2020-01-14,13.45291,31.21076
2020-01-15,13.90134,38.92376
2020-01-16,15.06726,33.90134
2020-01-17,14.61883,29.86547
2020-01-18,10.49327,27.80269
2020-01-19,8.9686,32.10762
2020-01-20,16.05381,33.72197
2020-01-21,16.41255,46.99551
2020-01-22,14.08071,32.91479
2020-01-23,13.72197,32.28699
2020-01-24,9.77578,21.07623
2020-01-25,8.78923,17.75784
2020-01-26,10.49327,21.8834
2020-01-27,11.65919,27.80269
2020-01-28,13.36322,28.43049
2020-01-29,15.96412,29.59641
2020-01-30,15.51569,35.15695
2020-01-31,13.63228,27.26457
2020-02-01,10.04484,20.17937
2020-02-02,11.92825,23.8565
2020-02-03,16.59192,28.60986
2020-02-04,15.06726,26.72645
2020-02-05,12.46636,23.31838
2020-02-06,13.81165,25.29147
2020-02-07,15.69506,23.31838
2020-02-08,10.13452,22.06278
2020-02-09,12.55605,26.54708
2020-02-10,15.15695,26.72645
2020-02-11,17.21973,28.16143
2020-02-12,18.11659,40.89686
2020-02-13,17.13004,32.10762
2020-02-14,17.75784,29.59641
2020-02-15,12.37668,26.27802
2020-02-16,11.03139,27.44394
2020-02-17,16.05381,32.37668
2020-02-18,14.1704,28.60986
2020-02-19,13.63228,30.67264
2020-02-20,13.63228,28.25112
2020-02-21,13.63228,23.40807
2020-02-22,10.49327,18.29596
2020-02-23,12.01793,17.21973
2020-02-24,11.47982,23.94618
2020-02-25,14.61883,23.40807
2020-02-26,15.60538,26.72645
2020-02-27,14.08071,27.98206
2020-02-28,12.64573,29.59641
2020-02-29,13.63228,26.81614
2020-03-01,14.08071,23.13901
2020-03-02,15.15695,26.00896
2020-03-03,15.06726,24.30493
2020-03-04,16.95067,28.9686
2020-03-05,17.75784,27.98206
2020-03-06,17.30941,25.73991
2020-03-07,14.7982,23.67713
2020-03-08,14.43946,21.79372
2020-03-09,17.66816,28.9686
2020-03-10,16.32286,38.56502
2020-03-11,18.29596,37.48878
2020-03-12,16.7713,46.45739
2020-03-13,16.7713,63.22869
2020-03-14,12.91479,39.19282
2020-03-15,12.37668,41.43497
2020-03-16,16.32286,55.15695
2020-03-17,17.3991,79.91031
2020-03-18,16.95067,66.81614
2020-03-19,21.43497,80.44843
2020-03-20,16.68161,49.77578
2020-03-21,15.51569,46.18834
2020-03-22,13.72197,42.15246
2020-03-23,15.33632,58.6547
2020-03-24,17.93721,48.25112
2020-03-25,17.48878,43.49775
2020-03-26,16.23318,46.45739
2020-03-27,15.87443,39.82062
2020-03-28,11.83856,34.08071
2020-03-29,13.72197,35.51569
2020-03-30,15.33632,51.83856
2020-03-31,15.60538,41.2556
2020-04-01,21.8834,46.09865
2020-04-02,17.48878,39.91031
2020-04-03,15.06726,37.75784
2020-04-04,12.46636,31.65919
2020-04-05,14.26008,33.18385
2020-04-06,16.32286,42.33183
2020-04-07,16.41255,32.91479
2020-04-08,17.30941,37.04035
2020-04-09,20.80717,35.426
2020-04-10,15.87443,32.55605
2020-04-11,11.83856,35.33632
2020-04-12,15.78475,38.92376
2020-04-13,19.64125,38.38565
2020-04-14,19.37219,35.87443
2020-04-15,15.87443,36.86098
2020-04-16,17.75784,59.55156
2020-04-17,22.42152,44.21524
2020-04-18,14.26008,32.55605
2020-04-19,17.13004,39.37219
2020-04-20,19.55156,44.30493
2020-04-21,20.80717,47.98206
2020-04-22,24.12556,41.2556
2020-04-23,21.34529,38.92376
2020-04-24,14.70852,33.63228
2020-04-25,14.52914,28.3408
2020-04-26,13.09417,36.7713
2020-04-27,24.4843,41.34529
2020-04-28,20.98654,48.25112
2020-04-29,19.55156,33.00448
2020-04-30,15.24663,32.10762
2020-05-01,15.06726,34.34977
2020-05-02,13.09417,27.80269
2020-05-03,27.35426,32.55605
2020-05-04,18.56502,33.09417
2020-05-05,13.99103,29.14798
2020-05-06,22.15246,41.07623
2020-05-07,19.73094,28.43049
2020-05-08,18.47533,30.04484
2020-05-09,19.10313,23.67713
2020-05-10,19.28251,27.89237
2020-05-11,20.53811,29.23766
2020-05-12,22.69058,28.78923
2020-05-13,21.70403,27.80269
2020-05-14,17.3991,27.62331
2020-05-15,16.32286,20.89686
2020-05-16,11.12107,21.61434
2020-05-17,14.70852,27.26457
2020-05-18,20.89686,25.82959
2020-05-19,22.86995,22.86995
2020-05-20,21.61434,23.49775
2020-05-21,17.93721,23.04932
2020-05-22,16.95067,20.44843
2020-05-23,12.01793,17.84753
2020-05-24,14.7982,22.42152
2020-05-25,20.17937,23.22869
2020-05-26,17.57847,23.13901
2020-05-27,17.57847,22.51121
2020-05-28,20.44843,28.3408
2020-05-29,17.04035,25.65022
2020-05-30,13.90134,22.95964
2020-05-31,14.43946,27.26457
2020-06-01,17.84753,34.7982
2020-06-02,19.01345,33.90134
2020-06-03,17.75784,31.92825
2020-06-04,19.55156,32.10762
2020-06-05,16.59192,32.1973
2020-06-06,13.45291,32.01793
2020-06-07,12.55605,31.03139
2020-06-08,17.13004,35.24663
2020-06-09,17.75784,32.37668
2020-06-10,17.13004,34.88789
2020-06-11,14.61883,47.62331
2020-06-12,15.96412,43.04932
2020-06-13,12.37668,33.63228
2020-06-14,16.14349,39.28251
2020-06-15,18.11659,45.29147
2020-06-16,20.0,39.01345
2020-06-17,18.0269,45.65022
2020-06-18,19.64125,47.53363
2020-06-19,15.51569,46.45739
2020-06-20,13.72197,35.06726
2020-06-21,14.08071,36.68161
2020-06-22,17.84753,39.82062
2020-06-23,17.21973,47.17488
2020-06-24,17.75784,48.3408
2020-06-25,20.6278,41.34529
2020-06-26,15.24663,42.42152
2020-06-27,14.97757,34.88789
2020-06-28,13.5426,44.66367
2020-06-29,16.59192,52.73542
2020-06-30,18.38565,42.86995
2020-07-01,20.44843,58.20627
2020-07-02,17.57847,63.13901
2020-07-03,15.96412,59.28251
2020-07-04,13.09417,49.95515
2020-07-05,12.1973,49.41704
2020-07-06,15.60538,57.3991
2020-07-07,16.50224,60.35874
2020-07-08,19.01345,57.84753
2020-07-09,18.92376,58.6547
2020-07-10,14.61883,42.60089
2020-07-11,12.1973,41.70403
2020-07-12,12.91479,41.61434
2020-07-13,15.33632,44.75336
2020-07-14,20.26905,43.13901
2020-07-15,18.6547,46.18834
2020-07-16,16.32286,49.77578
2020-07-17,16.86098,82.24215
2020-07-18,11.21076,55.87443
2020-07-19,12.1973,46.72645
2020-07-20,15.33632,46.90582
2020-07-21,14.26008,52.73542
2020-07-22,17.57847,46.00896
2020-07-23,17.48878,48.52017
2020-07-24,16.05381,43.04932
2020-07-25,12.01793,33.99103
2020-07-26,13.72197,39.28251
2020-07-27,17.04035,44.93273
2020-07-28,18.29596,43.8565
2020-07-29,15.24663,47.0852
2020-07-30,18.47533,39.37219
2020-07-31,14.52914,38.83408
2020-08-01,10.58295,28.9686
2020-08-02,11.5695,31.83856
2020-08-03,14.52914,36.59192
2020-08-04,16.7713,34.7982
2020-08-05,13.00448,33.45291
2020-08-06,14.43946,32.28699
2020-08-07,17.30941,32.37668
2020-08-08,11.83856,27.89237
2020-08-09,14.52914,28.52017
2020-08-10,15.69506,38.74439
2020-08-11,15.06726,40.26905
2020-08-12,15.78475,38.38565
2020-08-13,15.33632,34.70852
2020-08-14,14.7982,34.43946
2020-08-15,10.9417,32.10762
2020-08-16,11.74887,29.95515
2020-08-17,15.87443,33.36322
2020-08-18,15.33632,31.92825
2020-08-19,13.09417,30.40358
2020-08-20,18.83408,34.52914
2020-08-21,14.43946,29.68609
2020-08-22,12.28699,29.59641
2020-08-23,12.82511,30.49327
2020-08-24,17.04035,29.68609
2020-08-25,16.41255,31.65919
2020-08-26,16.7713,37.48878
2020-08-27,20.0,33.00448
2020-08-28,16.59192,27.713
2020-08-29,10.67264,28.25112
2020-08-30,14.08071,28.16143
2020-08-31,14.97757,31.39013
2020-09-01,14.1704,29.86547
2020-09-02,17.75784,27.0852
2020-09-03,16.59192,30.40358
2020-09-04,12.01793,29.23766
2020-09-05,7.35426,32.46636
2020-09-06,11.74887,32.46636
2020-09-07,16.86098,39.46188
2020-09-08,16.23318,41.70403
2020-09-09,18.20627,36.41255
2020-09-10,17.57847,40.0
2020-09-11,14.70852,33.00448
2020-09-12,11.47982,33.27354
2020-09-13,13.36322,32.91479
2020-09-14,18.0269,42.42152
2020-09-15,18.29596,36.23318
2020-09-16,20.53811,39.19282
2020-09-17,18.92376,38.38565
2020-09-18,16.95067,32.10762
2020-09-19,11.03139,33.99103
2020-09-20,15.15695,27.17488
2020-09-21,18.38565,35.78475
2020-09-22,18.56502,32.73542
2020-09-23,18.74439,34.08071
2020-09-24,16.41255,30.9417
2020-09-25,12.37668,33.99103
2020-09-26,11.12107,28.9686
2020-09-27,12.28699,36.7713
2020-09-28,16.05381,36.59192
2020-09-29,13.36322,28.87892
2020-09-30,9.86547,24.84304
2020-10-01,8.78923,25.02242
2020-10-02,8.87892,25.47085
2020-10-03,9.95515,37.57847
2020-10-04,10.67264,36.05381
2020-10-05,12.10762,40.35874
2020-10-06,15.87443,44.57399
2020-10-07,14.97757,34.70852
2020-10-08,14.61883,34.52914
2020-10-09,11.65919,33.00448
2020-10-10,10.13452,35.24663
2020-10-11,12.01793,35.69506
2020-10-12,14.1704,42.33183
2020-10-13,18.11659,44.4843
2020-10-14,20.17937,46.54708
2020-10-15,17.13004,41.8834
2020-10-16,17.66816,39.19282
2020-10-17,11.39013,27.89237
2020-10-18,15.426,35.69506
2020-10-19,17.3991,37.66816
2020-10-20,17.04035,40.71748
2020-10-21,15.87443,37.57847
2020-10-22,17.93721,40.0
2020-10-23,13.99103,37.66816
2020-10-24,12.55605,32.46636
2020-10-25,12.91479,30.04484
2020-10-26,16.32286,38.56502
2020-10-27,18.0269,38.20627
2020-10-28,15.69506,40.17937
2020-10-29,15.426,41.8834
2020-10-30,16.68161,38.83408
2020-10-31,12.28699,29.32735
2020-11-01,13.18385,29.77578
2020-11-02,14.26008,32.1973
2020-11-03,18.92376,36.68161
2020-11-04,13.09417,28.52017
2020-11-05,15.87443,40.98654
2020-11-06,13.81165,37.04035
2020-11-07,13.09417,34.08071
2020-11-08,11.74887,40.80717
2020-11-09,13.99103,41.8834
2020-11-10,19.37219,38.92376
2020-11-11,15.06726,44.30493
2020-11-12,16.50224,47.26457
2020-11-13,14.34977,54.08071
2020-11-14,13.09417,44.30493
2020-11-15,11.92825,43.40807
2020-11-16,16.41255,45.29147
2020-11-17,18.11659,49.41704
2020-11-18,17.3991,56.86098
2020-11-19,18.20627,50.58295
2020-11-20,14.52914,45.02242
2020-11-21,14.52914,40.71748
2020-11-22,12.73542,44.93273
2020-11-23,14.70852,46.27802
2020-11-24,16.86098,47.53363
2020-11-25,17.04035,42.51121
2020-11-26,14.34977,40.80717
2020-11-27,16.23318,43.76681
2020-11-28,11.5695,40.80717
2020-11-29,14.97757,38.0269
2020-11-30,15.69506,39.64125
2020-12-01,16.05381,38.38565
2020-12-02,15.60538,38.83408
2020-12-03,16.14349,40.53811
2020-12-04,15.426,41.16591
2020-12-05,11.12107,31.65919
2020-12-06,12.91479,35.69506
2020-12-07,17.04035,36.68161
2020-12-08,14.08071,36.05381
2020-12-09,15.15695,34.61883
2020-12-10,14.26008,40.71748
2020-12-11,14.97757,40.98654
2020-12-12,12.01793,34.52914
2020-12-13,12.37668,33.90134
2020-12-14,14.97757,37.3991
2020-12-15,14.97757,33.5426
2020-12-16,14.52914,32.01793
2020-12-17,13.18385,32.91479
2020-12-18,13.5426,31.47982
2020-12-19,10.76233,24.4843
2020-12-20,12.10762,37.21973
2020-12-21,14.08071,34.08071
2020-12-22,14.34977,29.14798
2020-12-23,15.78475,28.60986
2020-12-24,11.74887,27.17488
2020-12-25,8.07174,24.03587
2020-12-26,11.21076,29.05829
2020-12-27,11.83856,30.58295
2020-12-28,13.09417,34.88789
2020-12-29,13.99103,45.91928
2020-12-30,11.83856,34.52914
2020-12-31,9.86547,28.07174
2021-01-01,8.69955,30.9417
2021-01-02,11.92825,29.23766
2021-01-03,8.52017,31.03139
2021-01-04,13.45291,32.82511
2021-01-05,12.91479,31.74887
2021-01-06,13.5426,31.47982
2021-01-07,11.92825,26.81614
2021-01-08,12.73542,30.13452
2021-01-09,11.92825,34.34977
2021-01-10,10.22421,29.86547
2021-01-11,15.51569,35.87443
2021-01-12,14.61883,37.30941
2021-01-13,13.27354,40.71748
2021-01-14,13.45291,32.28699
2021-01-15,14.70852,40.35874
2021-01-16,14.34977,32.73542
2021-01-17,12.64573,33.09417
2021-01-18,16.14349,32.01793
2021-01-19,14.52914,35.426
2021-01-20,15.78475,36.23318
2021-01-21,14.97757,34.34977
2021-01-22,17.3991,35.15695
2021-01-23,11.39013,31.65919
2021-01-24,12.73542,29.50672
2021-01-25,18.38565,33.63228
2021-01-26,18.20627,35.69506
2021-01-27,17.3991,34.70852
2021-01-28,15.96412,38.29596
2021-01-29,14.26008,31.5695
2021-01-30,10.49327,29.68609
2021-01-31,14.7982,36.50224
2021-02-01,17.48878,36.59192
2021-02-02,16.59192,37.93721
2021-02-03,16.50224,35.51569
2021-02-04,14.61883,45.29147
2021-02-05,13.27354,41.2556
2021-02-06,14.26008,31.83856
2021-02-07,11.65919,33.09417
2021-02-08,16.59192,38.74439
2021-02-09,13.5426,38.11659
2021-02-10,14.43946,36.86098
2021-02-11,12.37668,27.98206
2021-02-12,10.67264,35.426
2021-02-13,10.22421,34.70852
2021-02-14,10.9417,39.10313
2021-02-15,15.06726,44.4843
2021-02-16,13.99103,42.69058
2021-02-17,13.45291,41.16591
2021-02-18,14.34977,44.93273
2021-02-19,15.06726,42.24215
2021-02-20,12.01793,38.0269
2021-02-21,42.60089,42.06278
2021-02-22,20.44843,47.62331
2021-02-23,17.57847,48.3408
2021-02-24,14.52914,44.21524
2021-02-25,15.78475,44.21524
2021-02-26,15.69506,39.64125
2021-02-27,19.10313,34.70852
2021-02-28,16.86098,38.0269
2021-03-01,12.46636,37.13004
2021-03-02,15.33632,39.10313
2021-03-03,14.97757,33.45291
2021-03-04,16.86098,35.51569
2021-03-05,15.426,28.52017
2021-03-06,14.1704,31.74887
2021-03-07,12.46636,32.64573
2021-03-08,14.08071,35.69506
2021-03-09,16.68161,32.46636
2021-03-10,18.74439,34.88789
2021-03-11,15.78475,33.45291
2021-03-12,16.32286,28.52017
2021-03-13,12.46636,27.0852
2021-03-14,14.1704,31.21076
2021-03-15,16.86098,36.95067
2021-03-16,16.23318,34.52914
2021-03-17,18.47533,33.18385
2021-03-18,19.01345,35.24663
2021-03-19,16.23318,33.18385
2021-03-20,12.37668,29.32735
2021-03-21,12.1973,41.61434
2021-03-22,15.33632,44.21524
2021-03-23,17.21973,43.22869
2021-03-24,17.48878,36.95067
2021-03-25,17.57847,36.23318
2021-03-26,15.78475,32.10762
2021-03-27,13.72197,33.18385
2021-03-28,12.46636,34.88789
2021-03-29,13.99103,43.13901
2021-03-30,17.13004,33.99103
2021-03-31,16.05381,33.72197
2021-04-01,15.24663,32.46636
2021-04-02,12.73542,27.53363
2021-04-03,13.00448,27.26457
2021-04-04,14.88789,32.82511
2021-04-05,17.66816,34.43946
2021-04-06,17.13004,31.74887
2021-04-07,15.33632,38.0269
2021-04-08,16.68161,39.64125
2021-04-09,14.70852,32.1973
2021-04-10,13.72197,33.90134
2021-04-11,12.82511,33.72197
2021-04-12,17.57847,32.64573
2021-04-13,16.95067,30.85201
2021-04-14,17.3991,31.65919
2021-04-15,17.30941,27.53363
2021-04-16,18.20627,27.80269
2021-04-17,13.18385,28.07174
2021-04-18,11.65919,28.07174
2021-04-19,15.69506,31.39013
2021-04-20,19.10313,30.3139
2021-04-21,19.19282,29.50672
2021-04-22,19.37219,27.17488
2021-04-23,16.86098,25.38116
2021-04-24,10.85201,23.94618
2021-04-25,13.99103,22.33183
2021-04-26,16.95067,28.69955
2021-04-27,19.19282,33.63228
2021-04-28,17.84753,28.78923
2021-04-29,16.05381,26.99551
2021-04-30,13.81165,25.56053
2021-05-01,14.08071,22.69058
2021-05-02,11.65919,25.38116
2021-05-03,14.52914,27.44394
2021-05-04,15.33632,21.52466
2021-05-05,13.81165,20.26905
2021-05-06,16.59192,24.75336
2021-05-07,15.24663,25.20179
2021-05-08,13.99103,17.13004
2021-05-09,13.36322,21.8834
2021-05-10,18.74439,22.33183
2021-05-11,18.6547,22.51121
2021-05-12,16.59192,20.98654
2021-05-13,15.24663,26.18834
2021-05-14,16.14349,25.65022
2021-05-15,14.97757,27.80269
2021-05-16,13.18385,31.92825
2021-05-17,13.81165,35.60538
2021-05-18,17.84753,32.55605
2021-05-19,14.34977,26.00896
2021-05-20,19.73094,30.49327
2021-05-21,17.93721,25.47085
2021-05-22,17.04035,23.13901
2021-05-23,12.91479,26.54708
2021-05-24,16.86098,37.04035
2021-05-25,18.38565,32.64573
2021-05-26,16.59192,31.83856
2021-05-27,18.83408,29.68609
2021-05-28,16.95067,23.04932
2021-05-29,10.13452,24.03587
2021-05-30,12.64573,22.69058
2021-05-31,17.13004,29.14798
2021-06-01,18.38565,32.64573
2021-06-02,17.21973,30.22421
2021-06-03,16.7713,31.65919
2021-06-04,16.86098,29.05829
2021-06-05,13.27354,20.53811
2021-06-06,12.64573,25.91928
2021-06-07,17.84753,30.04484
2021-06-08,17.57847,26.72645
2021-06-09,19.10313,26.99551
2021-06-10,16.95067,26.18834
2021-06-11,15.06726,27.53363
2021-06-12,12.82511,20.26905
2021-06-13,11.03139,23.49775
2021-06-14,15.87443,26.54708
2021-06-15,17.04035,27.713
2021-06-16,17.84753,27.35426
2021-06-17,18.11659,22.69058
2021-06-18,15.33632,25.29147
2021-06-19,12.01793,20.98654
2021-06-20,13.09417,25.20179
2021-06-21,14.7982,28.25112
2021-06-22,20.08968,39.64125
2021-06-23,17.48878,37.04035
2021-06-24,15.33632,31.92825
2021-06-25,14.70852,25.47085
2021-06-26,13.99103,26.72645
2021-06-27,10.76233,22.06278
2021-06-28,17.57847,29.68609
2021-06-29,17.66816,27.26457
2021-06-30,15.06726,26.72645
2021-07-01,16.05381,28.52017
2021-07-02,14.43946,25.56053
2021-07-03,13.09417,27.53363
2021-07-04,13.09417,26.81614
2021-07-05,15.24663,33.90134
2021-07-06,17.66816,31.30044
2021-07-07,15.69506,31.39013
2021-07-08,14.61883,28.87892
2021-07-09,17.48878,25.1121
2021-07-10,10.3139,24.03587
2021-07-11,13.63228,29.32735
2021-07-12,16.32286,30.49327
2021-07-13,16.32286,28.16143
2021-07-14,15.51569,22.24215
2021-07-15,17.3991,29.23766
2021-07-16,12.73542,22.69058
2021-07-17,12.64573,26.27802
2021-07-18,10.76233,29.32735
2021-07-19,15.60538,30.85201
2021-07-20,17.75784,33.5426
2021-07-21,15.60538,29.77578
2021-07-22,14.08071,33.36322
2021-07-23,12.91479,28.43049
2021-07-24,10.9417,24.93273
2021-07-25,9.59641,25.1121
2021-07-26,14.61883,28.60986
2021-07-27,15.24663,31.03139
2021-07-28,13.90134,42.51121
2021-07-29,12.55605,39.28251
2021-07-30,13.45291,29.32735
2021-07-31,11.92825,23.22869
2021-08-01,10.9417,28.9686
2021-08-02,11.92825,29.50672
2021-08-03,13.99103,28.9686
2021-08-04,13.00448,32.1973
2021-08-05,13.90134,29.14798
2021-08-06,11.12107,31.92825
2021-08-07,11.03139,24.84304
2021-08-08,12.82511,28.87892
2021-08-09,15.87443,25.29147
2021-08-10,14.43946,29.86547
2021-08-11,12.1973,28.78923
2021-08-12,13.5426,30.04484
2021-08-13,15.06726,24.93273
2021-08-14,8.60986,27.26457
2021-08-15,10.58295,31.65919
2021-08-16,11.39013,32.91479
2021-08-17,15.78475,31.12107
2021-08-18,14.70852,31.30044
2021-08-19,16.32286,39.91031
2021-08-20,14.61883,41.2556
2021-08-21,10.40358,34.1704
2021-08-22,13.27354,36.23318
2021-08-23,14.88789,43.40807
2021-08-24,16.7713,37.57847
2021-08-25,18.38565,36.7713
2021-08-26,15.426,46.27802
2021-08-27,14.52914,35.78475
2021-08-28,13.09417,30.67264
2021-08-29,11.92825,35.87443
2021-08-30,15.51569,36.7713
2021-08-31,15.87443,40.44843
2021-09-01,13.81165,34.52914
2021-09-02,17.21973,39.01345
2021-09-03,13.90134,33.63228
2021-09-04,10.04484,30.13452
2021-09-05,11.30044,33.45291
2021-09-06,15.96412,38.74439
2021-09-07,18.29596,31.21076
2021-09-08,17.84753,28.9686
2021-09-09,15.87443,30.58295
2021-09-10,17.13004,35.426
2021-09-11,12.37668,29.32735
2021-09-12,14.26008,31.39013
2021-09-13,13.99103,33.27354
2021-09-14,18.74439,29.14798
2021-09-15,14.61883,27.53363
2021-09-16,18.11659,35.51569
2021-09-17,15.87443,26.81614
2021-09-18,9.50672,22.69058
2021-09-19,10.49327,24.57399
2021-09-20,9.41704,24.03587
2021-09-21,9.86547,29.50672
2021-09-22,12.64573,26.72645
2021-09-23,14.08071,35.51569
2021-09-24,15.426,31.30044
2021-09-25,15.06726,29.05829
2021-09-26,12.91479,33.90134
2021-09-27,16.7713,36.14349
2021-09-28,14.88789,40.0
2021-09-29,15.60538,38.83408
2021-09-30,15.60538,40.0
2021-10-01,16.86098,43.04932
2021-10-02,11.92825,41.2556
2021-10-03,12.64573,34.88789
2021-10-04,13.63228,36.7713
2021-10-05,16.41255,40.98654
2021-10-06,15.87443,39.01345
2021-10-07,16.7713,42.33183
2021-10-08,14.43946,32.91479
2021-10-09,11.30044,31.74887
2021-10-10,12.37668,32.55605
2021-10-11,12.1973,37.48878
2021-10-12,14.26008,40.80717
2021-10-13,14.34977,43.49775
2021-10-14,16.32286,58.74439
2021-10-15,14.08071,45.29147
2021-10-16,10.49327,36.32286
2021-10-17,9.86547,33.99103
2021-10-18,13.99103,50.22421
2021-10-19,13.99103,47.98206
2021-10-20,12.91479,46.18834
2021-10-21,14.52914,46.18834
2021-10-22,11.21076,39.37219
2021-10-23,8.60986,39.46188
2021-10-24,13.27354,41.61434
2021-10-25,15.96412,41.16591
2021-10-26,16.59192,45.38116
2021-10-27,17.13004,38.0269
2021-10-28,12.73542,33.72197
2021-10-29,12.10762,42.86995
2021-10-30,12.01793,36.23318
2021-10-31,12.10762,40.17937
2021-11-01,12.73542,43.04932
2021-11-02,13.81165,49.77578
2021-11-03,15.15695,37.93721
2021-11-04,14.43946,41.07623
2021-11-05,13.36322,39.55156
2021-11-06,10.85201,34.43946
2021-11-07,9.95515,37.84753
2021-11-08,15.78475,42.42152
2021-11-09,14.61883,43.8565
2021-11-10,13.63228,51.21076
2021-11-11,13.90134,46.54708
2021-11-12,12.73542,39.46188
2021-11-13,10.76233,31.65919
2021-11-14,14.08071,32.64573
2021-11-15,14.88789,39.64125
2021-11-16,16.23318,39.46188
2021-11-17,14.61883,39.82062
2021-11-18,13.27354,33.72197
2021-11-19,12.82511,32.91479
2021-11-20,8.9686,29.05829
2021-11-21,11.65919,31.47982
2021-11-22,13.27354,39.91031
2021-11-23,13.90134,32.91479
2021-11-24,15.51569,35.87443
2021-11-25,15.69506,38.56502
2021-11-26,13.18385,35.78475
2021-11-27,12.01793,32.82511
2021-11-28,11.5695,32.82511
2021-11-29,13.63228,39.01345
2021-11-30,14.52914,37.84753
2021-12-01,14.70852,30.85201
2021-12-02,14.70852,36.7713
2021-12-03,11.65919,37.66816
2021-12-04,11.39013,29.50672
2021-12-05,13.81165,34.7982
2021-12-06,17.48878,46.00896
2021-12-07,16.7713,44.57399
2021-12-08,13.45291,54.34977
2021-12-09,16.14349,46.63677
2021-12-10,14.26008,43.58744
2021-12-11,11.5695,40.26905
2021-12-12,13.18385,41.07623
2021-12-13,12.64573,44.66367
2021-12-14,12.28699,41.79372
2021-12-15,15.24663,47.35426
2021-12-16,15.426,46.45739
2021-12-17,12.55605,66.54708
2021-12-18,7.713,46.72645
2021-12-19,9.77578,50.67264
2021-12-20,13.45291,61.61434
2021-12-21,14.34977,49.14798
2021-12-22,13.63228,42.86995
2021-12-23,12.73542,44.66367
2021-12-24,10.76233,45.65022
2021-12-25,7.35426,35.60538
2021-12-26,8.43049,36.95067
2021-12-27,10.9417,44.39461
2021-12-28,11.83856,41.16591
2021-12-29,11.74887,38.6547
2021-12-30,12.10762,36.05381
2021-12-31,9.77578,28.9686
2022-01-01,7.62331,28.87892
2022-01-02,11.21076,38.47533
2022-01-03,12.91479,38.56502
2022-01-04,11.30044,45.02242
2022-01-05,12.28699,45.82959
2022-01-06,16.23318,41.79372
2022-01-07,14.1704,37.3991
2022-01-08,12.01793,29.32735
2022-01-09,12.55605,35.78475
2022-01-10,14.97757,38.11659
2022-01-11,13.27354,37.75784
2022-01-12,15.426,40.44843
2022-01-13,14.26008,38.38565
2022-01-14,16.86098,35.87443
2022-01-15,11.92825,31.74887
2022-01-16,12.28699,34.1704
2022-01-17,16.50224,33.5426
2022-01-18,13.99103,37.3991
2022-01-19,14.34977,37.13004
2022-01-20,15.15695,34.26008
2022-01-21,15.87443,34.70852
2022-01-22,13.72197,35.96412
2022-01-23,10.13452,37.04035
2022-01-24,17.48878,47.53363
2022-01-25,15.60538,48.9686
2022-01-26,14.52914,37.66816
2022-01-27,15.426,38.38565
2022-01-28,14.61883,37.66816
2022-01-29,8.16143,32.55605
2022-01-30,8.52017,27.713
2022-01-31,8.9686,27.98206
2022-02-01,7.0852,28.78923
2022-02-02,12.28699,36.50224
2022-02-03,14.1704,40.44843
2022-02-04,13.45291,33.45291
2022-02-05,12.73542,31.30044
2022-02-06,16.23318,37.3991
2022-02-07,15.96412,34.26008
2022-02-08,18.6547,34.43946
2022-02-09,16.68161,32.10762
2022-02-10,19.55156,35.06726
2022-02-11,15.06726,38.38565
2022-02-12,14.61883,33.90134
2022-02-13,13.09417,35.60538
2022-02-14,14.97757,39.91031
2022-02-15,17.21973,32.37668
2022-02-16,13.99103,33.99103
2022-02-17,15.96412,32.91479
2022-02-18,16.41255,31.74887
2022-02-19,13.00448,32.82511
2022-02-20,12.10762,32.82511
2022-02-21,14.61883,33.27354
2022-02-22,14.88789,36.32286
2022-02-23,16.86098,34.08071
2022-02-24,14.43946,35.15695
2022-02-25,14.52914,25.82959
2022-02-26,14.43946,28.52017
2022-02-27,10.85201,27.35426
2022-02-28,16.41255,27.89237
2022-03-01,13.36322,29.14798
2022-03-02,16.23318,30.76233
2022-03-03,16.7713,33.36322
2022-03-04,13.36322,26.45739
2022-03-05,13.27354,27.62331
2022-03-06,10.85201,26.63677
2022-03-07,17.13004,33.99103
2022-03-08,14.43946,24.93273
2022-03-09,10.22421,26.54708
2022-03-10,16.23318,100.0
2022-03-11,14.26008,47.80269
2022-03-12,11.12107,39.46188
2022-03-13,13.00448,40.53811
2022-03-14,16.23318,49.50672
2022-03-15,17.57847,45.29147
2022-03-16,15.24663,44.21524
2022-03-17,16.50224,43.40807
2022-03-18,14.7982,38.83408
2022-03-19,10.49327,31.92825
2022-03-20,14.61883,29.77578
2022-03-21,13.36322,34.34977
2022-03-22,16.32286,30.9417
2022-03-23,14.70852,37.21973
2022-03-24,17.21973,32.37668
2022-03-25,11.92825,29.14798
2022-03-26,12.01793,28.07174
2022-03-27,13.99103,31.83856
2022-03-28,13.5426,36.68161
2022-03-29,14.88789,30.85201
2022-03-30,15.69506,34.52914
2022-03-31,15.24663,30.49327
2022-04-01,14.43946,27.26457
2022-04-02,11.47982,27.89237
2022-04-03,11.65919,27.98206
2022-04-04,13.81165,32.91479
2022-04-05,15.15695,32.01793
2022-04-06,14.61883,33.45291
2022-04-07,15.15695,30.58295
2022-04-08,13.72197,26.72645
2022-04-09,13.27354,24.4843
2022-04-10,11.21076,28.78923
2022-04-11,15.06726,32.91479
2022-04-12,15.15695,31.39013
2022-04-13,17.93721,27.44394
2022-04-14,17.3991,27.713
2022-04-15,14.7982,26.36771
2022-04-16,11.03139,26.09865
2022-04-17,11.83856,30.58295
2022-04-18,15.15695,29.50672
2022-04-19,14.1704,30.9417
2022-04-20,16.50224,32.55605
2022-04-21,14.34977,27.713
2022-04-22,12.28699,25.47085
2022-04-23,10.67264,20.6278
2022-04-24,12.73542,28.9686
2022-04-25,14.7982,33.18385
2022-04-26,16.7713,38.38565
2022-04-27,16.7713,40.08968
2022-04-28,14.70852,36.50224
2022-04-29,14.43946,27.53363
2022-04-30,10.49327,22.24215
2022-05-01,11.30044,28.52017
2022-05-02,14.43946,33.90134
2022-05-03,15.426,33.5426
2022-05-04,13.99103,27.80269
2022-05-05,9.59641,29.59641
2022-05-06,13.27354,31.21076
2022-05-07,9.95515,26.09865
2022-05-08,12.28699,29.32735
2022-05-09,15.06726,36.41255
2022-05-10,14.97757,36.59192
2022-05-11,17.48878,36.7713
2022-05-12,15.15695,40.71748
2022-05-13,18.6547,31.30044
2022-05-14,12.82511,23.22869
2022-05-15,12.10762,31.21076
2022-05-16,20.35874,37.57847
2022-05-17,18.38565,35.24663
2022-05-18,20.44843,32.73542
2022-05-19,16.41255,30.22421
2022-05-20,16.59192,28.52017
2022-05-21,10.49327,23.40807
2022-05-22,15.78475,23.67713
2022-05-23,17.04035,28.60986
2022-05-24,15.78475,31.21076
2022-05-25,16.14349,27.89237
2022-05-26,18.56502,32.28699
2022-05-27,17.75784,34.52914
2022-05-28,12.37668,27.26457
2022-05-29,13.90134,38.11659
2022-05-30,18.56502,42.15246
2022-05-31,15.69506,35.60538
2022-06-01,13.45291,30.49327
2022-06-02,15.78475,37.3991
2022-06-03,13.90134,30.49327
2022-06-04,12.55605,33.09417
2022-06-05,11.47982,26.27802
2022-06-06,13.18385,40.08968
2022-06-07,17.3991,40.71748
2022-06-08,16.32286,37.30941
2022-06-09,17.13004,39.37219
2022-06-10,16.50224,43.67713
2022-06-11,12.10762,31.65919
2022-06-12,13.45291,45.29147
2022-06-13,14.08071,44.93273
2022-06-14,18.11659,55.06726
2022-06-15,17.84753,45.65022
2022-06-16,16.23318,49.50672
2022-06-17,16.41255,47.35426
2022-06-18,12.55605,36.41255
2022-06-19,13.5426,42.42152
2022-06-20,14.97757,53.90134
2022-06-21,16.50224,49.23766
2022-06-22,17.75784,39.19282
2022-06-23,15.96412,41.34529
2022-06-24,12.28699,32.82511
2022-06-25,13.90134,30.40358
2022-06-26,12.55605,36.23318
2022-06-27,16.68161,38.56502
2022-06-28,16.23318,38.0269
2022-06-29,15.96412,33.72197
2022-06-30,15.69506,32.64573
2022-07-01,15.69506,30.3139
2022-07-02,10.04484,27.44394
2022-07-03,12.37668,32.10762
2022-07-04,16.05381,35.87443
2022-07-05,14.52914,39.46188
2022-07-06,18.0269,33.36322
2022-07-07,16.68161,34.43946
2022-07-08,12.82511,36.86098
2022-07-09,9.77578,33.00448
2022-07-10,11.30044,33.63228
2022-07-11,15.24663,43.22869
2022-07-12,17.3991,43.58744
2022-07-13,16.59192,47.35426
2022-07-14,17.84753,46.00896
2022-07-15,15.24663,40.80717
2022-07-16,11.03139,34.26008
2022-07-17,10.13452,34.52914
2022-07-18,17.30941,43.40807
2022-07-19,19.82062,38.74439
2022-07-20,14.61883,40.44843
2022-07-21,17.13004,34.70852
2022-07-22,14.26008,31.74887
2022-07-23,11.47982,35.78475
2022-07-24,10.04484,33.72197
2022-07-25,14.08071,35.33632
2022-07-26,13.72197,31.83856
2022-07-27,11.74887,32.10762
2022-07-28,12.82511,33.72197
2022-07-29,12.46636,30.13452
2022-07-30,8.60986,25.29147
2022-07-31,11.03139,28.43049
2022-08-01,12.55605,34.61883
2022-08-02,12.82511,33.81165
2022-08-03,13.09417,32.73542
2022-08-04,10.58295,28.07174
2022-08-05,13.36322,25.38116
2022-08-06,11.47982,26.27802
2022-08-07,9.77578,30.58295
2022-08-08,10.58295,36.05381
2022-08-09,13.72197,25.29147
2022-08-10,14.43946,30.22421
2022-08-11,11.92825,29.32735
2022-08-12,11.92825,28.3408
2022-08-13,10.40358,28.43049
2022-08-14,8.78923,30.49327
2022-08-15,12.1973,31.12107
2022-08-16,15.15695,32.1973
2022-08-17,18.74439,35.96412
2022-08-18,16.32286,30.3139
2022-08-19,15.51569,31.21076
2022-08-20,11.30044,25.02242
2022-08-21,12.37668,33.09417
2022-08-22,15.96412,42.51121
2022-08-23,14.52914,39.28251
2022-08-24,13.90134,37.21973
2022-08-25,15.06726,39.55156
2022-08-26,14.97757,38.38565
2022-08-27,11.47982,31.03139
2022-08-28,13.27354,35.87443
2022-08-29,14.26008,39.64125
2022-08-30,13.45291,33.90134
2022-08-31,15.96412,34.52914
2022-09-01,13.36322,30.3139
2022-09-02,12.37668,32.01793
2022-09-03,13.36322,31.47982
2022-09-04,12.82511,36.59192
2022-09-05,15.87443,33.00448
2022-09-06,13.36322,28.3408
2022-09-07,15.24663,32.28699
2022-09-08,12.91479,31.65919
2022-09-09,7.80269,25.65022
2022-09-10,7.98206,26.18834
2022-09-11,9.95515,33.36322
2022-09-12,14.70852,36.23318
2022-09-13,18.0269,42.24215
2022-09-14,17.21973,40.89686
2022-09-15,16.41255,39.82062
2022-09-16,16.05381,40.53811
2022-09-17,10.76233,33.81165
2022-09-18,11.5695,39.64125
2022-09-19,18.11659,40.98654
2022-09-20,17.66816,28.43049
2022-09-21,14.97757,35.87443
2022-09-22,15.78475,43.67713
2022-09-23,13.81165,38.20627
2022-09-24,9.14798,37.21973
2022-09-25,12.46636,35.69506
2022-09-26,15.24663,41.07623
2022-09-27,19.55156,40.0
2022-09-28,17.13004,37.30941
2022-09-29,15.60538,39.73094
2022-09-30,16.32286,32.10762
2022-10-01,12.73542,29.14798
2022-10-02,9.23766,32.01793
2022-10-03,14.7982,40.35874
2022-10-04,15.24663,34.43946
2022-10-05,18.11659,33.18385
2022-10-06,16.86098,36.95067
2022-10-07,13.72197,29.41704
2022-10-08,12.91479,28.07174
2022-10-09,11.30044,34.34977
2022-10-10,11.92825,35.87443
2022-10-11,15.60538,37.04035
2022-10-12,14.88789,40.71748
2022-10-13,15.78475,41.52466
2022-10-14,18.20627,34.43946
2022-10-15,11.21076,31.5695
2022-10-16,13.36322,37.3991
2022-10-17,14.26008,40.17937
2022-10-18,18.83408,33.72197
2022-10-19,16.23318,35.33632
2022-10-20,16.95067,33.63228
2022-10-21,12.91479,34.7982
2022-10-22,10.9417,29.05829
2022-10-23,11.92825,31.74887
2022-10-24,15.96412,39.01345
2022-10-25,14.88789,29.95515
2022-10-26,17.57847,37.21973
2022-10-27,13.81165,38.20627
2022-10-28,14.70852,35.78475
2022-10-29,12.73542,28.16143
2022-10-30,9.77578,23.13901
2022-10-31,15.33632,30.40358
2022-11-01,15.60538,30.49327
2022-11-02,18.20627,33.72197
2022-11-03,15.06726,34.70852
2022-11-04,16.41255,31.03139
2022-11-05,10.67264,28.43049
2022-11-06,11.30044,28.43049
2022-11-07,14.08071,34.97757
2022-11-08,15.78475,30.67264
2022-11-09,17.04035,31.39013
2022-11-10,17.30941,33.36322
2022-11-11,15.06726,34.52914
2022-11-12,12.64573,25.82959
2022-11-13,12.82511,31.12107
2022-11-14,14.43946,37.21973
2022-11-15,17.57847,33.72197
2022-11-16,16.86098,36.86098
2022-11-17,15.06726,35.69506
2022-11-18,15.15695,33.81165
2022-11-19,11.21076,22.24215
2022-11-20,16.14349,29.50672
2022-11-21,19.28251,30.85201
2022-11-22,16.14349,35.69506
2022-11-23,14.97757,26.36771
2022-11-24,14.34977,29.68609
2022-11-25,13.90134,23.76681
2022-11-26,10.40358,23.22869
2022-11-27,11.39013,29.32735
2022-11-28,15.96412,31.21076
2022-11-29,13.09417,29.68609
2022-11-30,14.43946,24.84304
2022-12-01,12.10762,25.91928
2022-12-02,10.85201,23.22869
2022-12-03,8.07174,20.0
2022-12-04,12.10762,25.29147
2022-12-05,14.97757,27.80269
2022-12-06,13.18385,25.47085
2022-12-07,13.72197,26.09865
2022-12-08,14.1704,25.20179
2022-12-09,16.32286,24.4843
2022-12-10,10.9417,24.84304
2022-12-11,13.09417,25.82959
2022-12-12,14.08071,33.5426
2022-12-13,13.99103,28.16143
2022-12-14,10.76233,28.87892
2022-12-15,12.91479,30.58295
2022-12-16,12.46636,40.71748
2022-12-17,7.98206,29.77578
2022-12-18,10.76233,29.68609
2022-12-19,12.82511,32.01793
2022-12-20,12.91479,27.53363
2022-12-21,10.58295,26.09865
2022-12-22,12.10762,26.63677
2022-12-23,10.76233,23.22869
2022-12-24,7.53363,21.8834
2022-12-25,8.16143,22.24215
2022-12-26,12.37668,28.9686
2022-12-27,13.72197,29.59641
2022-12-28,12.37668,30.04484
2022-12-29,14.88789,22.60089
2022-12-30,10.67264,20.35874
2022-12-31,8.69955,19.10313
2023-01-01,8.78923,25.38116
2023-01-02,12.91479,28.43049
2023-01-03,12.1973,30.3139
2023-01-04,13.81165,27.80269
2023-01-05,12.28699,30.49327
2023-01-06,12.37668,31.47982
2023-01-07,8.60986,25.65022
2023-01-08,11.21076,28.87892
2023-01-09,16.05381,32.91479
2023-01-10,14.34977,30.85201
2023-01-11,13.09417,30.22421
2023-01-12,13.63228,27.89237
2023-01-13,11.5695,24.30493
2023-01-14,11.03139,22.86995
2023-01-15,13.63228,26.72645
2023-01-16,15.33632,31.03139
2023-01-17,15.51569,31.03139
2023-01-18,15.426,29.86547
2023-01-19,15.96412,27.80269
2023-01-20,14.08071,23.22869
2023-01-21,8.60986,20.44843
2023-01-22,8.3408,20.0
2023-01-23,9.95515,24.75336
2023-01-24,9.32735,27.35426
2023-01-25,12.91479,31.21076
2023-01-26,12.46636,29.50672
2023-01-27,13.36322,26.90582
2023-01-28,12.64573,26.90582
2023-01-29,11.92825,29.86547
2023-01-30,18.83408,31.65919
2023-01-31,16.59192,31.83856
2023-02-01,17.13004,29.86547
2023-02-02,15.69506,29.50672
2023-02-03,12.55605,27.44394
2023-02-04,11.5695,25.02242
2023-02-05,13.09417,28.25112
2023-02-06,16.14349,32.46636
2023-02-07,19.37219,29.86547
2023-02-08,18.29596,30.22421
2023-02-09,16.7713,32.10762
2023-02-10,15.96412,27.0852
2023-02-11,11.47982,26.63677
2023-02-12,12.10762,29.32735
2023-02-13,16.59192,33.90134
2023-02-14,19.46188,30.58295
2023-02-15,15.87443,27.17488
2023-02-16,18.47533,27.44394
2023-02-17,18.56502,27.53363
2023-02-18,15.60538,23.76681
2023-02-19,14.70852,23.13901
2023-02-20,16.32286,30.04484
2023-02-21,17.57847,25.56053
2023-02-22,16.14349,24.57399
2023-02-23,17.04035,27.35426
2023-02-24,18.20627,26.81614
2023-02-25,13.5426,19.28251
2023-02-26,13.18385,23.49775
2023-02-27,16.05381,28.60986
2023-02-28,15.60538,27.17488
2023-03-01,14.26008,24.66367
2023-03-02,18.83408,25.82959
2023-03-03,17.30941,26.36771
2023-03-04,13.63228,23.67713
2023-03-05,15.51569,22.69058
2023-03-06,17.66816,28.16143
2023-03-07,18.56502,29.23766
2023-03-08,17.57847,22.86995
2023-03-09,16.59192,35.33632
2023-03-10,14.61883,26.45739
2023-03-11,9.41704,18.6547
2023-03-12,12.10762,22.42152
2023-03-13,16.32286,29.14798
2023-03-14,16.95067,29.23766
2023-03-15,16.05381,26.99551
2023-03-16,20.71748,33.72197
2023-03-17,15.69506,29.23766
2023-03-18,13.27354,24.12556
2023-03-19,13.72197,25.73991
2023-03-20,19.19282,28.69955
2023-03-21,18.11659,26.00896
2023-03-22,19.10313,28.87892
2023-03-23,18.38565,24.57399
2023-03-24,15.51569,23.58744
2023-03-25,11.21076,21.8834
2023-03-26,13.90134,22.69058
2023-03-27,18.20627,23.58744
2023-03-28,14.70852,24.12556
2023-03-29,15.33632,24.03587
2023-03-30,17.75784,24.12556
2023-03-31,14.7982,24.21524
2023-04-01,10.9417,20.08968
2023-04-02,14.34977,22.78026
2023-04-03,17.66816,23.8565
2023-04-04,16.50224,26.45739
2023-04-05,18.6547,22.51121
2023-04-06,16.05381,23.8565
2023-04-07,17.13004,22.60089
2023-04-08,11.83856,22.78026
2023-04-09,10.3139,20.08968
2023-04-10,18.29596,25.29147
2023-04-11,19.19282,25.29147
2023-04-12,17.57847,27.17488
2023-04-13,20.0,24.75336
2023-04-14,16.68161,21.34529
2023-04-15,13.00448,19.37219
2023-04-16,14.97757,21.70403
2023-04-17,18.0269,24.03587
2023-04-18,18.83408,24.93273
2023-04-19,18.29596,21.34529
2023-04-20,19.28251,25.1121
2023-04-21,16.68161,25.38116
2023-04-22,12.91479,20.08968
2023-04-23,13.00448,18.92376
2023-04-24,16.86098,24.21524
2023-04-25,16.14349,20.89686
2023-04-26,15.06726,22.51121
2023-04-27,16.14349,22.78026
2023-04-28,14.08071,21.52466
2023-04-29,11.47982,18.38565
2023-04-30,10.85201,19.37219
2023-05-01,14.26008,21.43497
2023-05-02,15.87443,23.76681
2023-05-03,17.48878,21.8834
2023-05-04,15.96412,22.51121
2023-05-05,12.46636,20.89686
2023-05-06,11.74887,17.75784
2023-05-07,13.09417,23.76681
2023-05-08,17.13004,25.20179
2023-05-09,16.68161,21.61434
2023-05-10,17.13004,24.57399
2023-05-11,17.66816,20.71748
2023-05-12,16.7713,24.03587
2023-05-13,13.72197,21.79372
2023-05-14,13.00448,20.53811
2023-05-15,17.48878,26.99551
2023-05-16,17.57847,26.99551
2023-05-17,16.86098,21.34529
2023-05-18,16.95067,26.09865
2023-05-19,14.1704,20.98654
2023-05-20,12.37668,18.47533
2023-05-21,14.43946,19.37219
2023-05-22,19.55156,22.69058
2023-05-23,20.26905,23.49775
2023-05-24,17.57847,26.54708
2023-05-25,16.32286,23.76681
2023-05-26,15.24663,22.86995
2023-05-27,13.18385,15.69506
2023-05-28,13.18385,17.57847
2023-05-29,15.15695,24.66367
2023-05-30,16.05381,26.36771
2023-05-31,18.47533,26.90582
2023-06-01,16.23318,23.58744
2023-06-02,15.33632,22.06278
2023-06-03,13.27354,18.56502
2023-06-04,14.08071,20.08968
2023-06-05,15.78475,21.79372
2023-06-06,13.5426,23.94618
2023-06-07,16.59192,27.0852
2023-06-08,15.51569,28.43049
2023-06-09,15.87443,27.0852
2023-06-10,14.70852,18.92376
2023-06-11,13.18385,21.97309
2023-06-12,17.21973,27.80269
2023-06-13,17.04035,25.29147
2023-06-14,16.95067,24.93273
2023-06-15,14.97757,24.39461
2023-06-16,18.92376,21.34529
2023-06-17,12.37668,18.56502
2023-06-18,18.74439,17.48878
2023-06-19,18.0269,26.81614
2023-06-20,17.48878,25.20179
2023-06-21,16.32286,23.13901
2023-06-22,15.426,23.94618
2023-06-23,14.26008,18.92376
2023-06-24,11.30044,14.1704
2023-06-25,12.73542,16.68161
2023-06-26,13.99103,21.70403
2023-06-27,13.27354,22.51121
2023-06-28,17.57847,21.43497
2023-06-29,17.04035,23.94618
2023-06-30,16.50224,19.37219
2023-07-01,11.03139,19.73094
2023-07-02,10.22421,21.34529
2023-07-03,14.43946,22.51121
2023-07-04,14.26008,22.51121
2023-07-05,14.34977,24.21524
2023-07-06,15.15695,19.64125
2023-07-07,16.05381,18.92376
2023-07-08,12.37668,14.70852
2023-07-09,14.26008,17.48878
2023-07-10,14.08071,22.78026
2023-07-11,15.51569,21.07623
2023-07-12,17.66816,17.3991
2023-07-13,16.50224,19.64125
2023-07-14,14.97757,17.13004
2023-07-15,12.91479,17.75784
2023-07-16,10.76233,18.47533
2023-07-17,14.61883,26.72645
2023-07-18,16.86098,19.37219
2023-07-19,15.15695,20.80717
2023-07-20,16.95067,18.92376
2023-07-21,13.5426,19.82062
2023-07-22,10.76233,16.14349
2023-07-23,10.3139,17.57847
2023-07-24,14.43946,20.08968
2023-07-25,14.52914,21.97309
2023-07-26,14.34977,22.95964
2023-07-27,16.05381,22.60089
2023-07-28,12.55605,21.8834
2023-07-29,9.86547,15.24663
2023-07-30,7.98206,17.75784
2023-07-31,12.1973,21.52466
2023-08-01,13.36322,19.82062
2023-08-02,19.82062,17.04035
2023-08-03,16.7713,19.37219
2023-08-04,14.88789,20.08968
2023-08-05,10.58295,16.23318
2023-08-06,12.37668,17.21973
2023-08-07,12.28699,21.61434
2023-08-08,13.63228,23.49775
2023-08-09,13.09417,24.93273
2023-08-10,15.51569,22.15246
2023-08-11,10.49327,21.07623
2023-08-12,13.72197,17.04035
2023-08-13,11.39013,17.75784
2023-08-14,14.61883,25.47085
2023-08-15,11.83856,22.60089
2023-08-16,15.426,25.82959
2023-08-17,15.87443,25.73991
2023-08-18,13.72197,21.61434
2023-08-19,9.05829,19.55156
2023-08-20,13.09417,19.82062
2023-08-21,13.63228,23.67713
2023-08-22,15.87443,25.56053
2023-08-23,16.41255,22.06278
2023-08-24,15.24663,21.97309
2023-08-25,17.48878,24.21524
2023-08-26,12.28699,18.20627
2023-08-27,11.03139,19.01345
2023-08-28,19.19282,26.54708
2023-08-29,13.00448,22.69058
2023-08-30,16.32286,22.95964
2023-08-31,18.6547,25.1121
2023-09-01,13.27354,24.21524
2023-09-02,11.30044,20.53811
2023-09-03,12.10762,22.78026
2023-09-04,16.50224,25.29147
2023-09-05,17.04035,24.93273
2023-09-06,19.10313,22.06278
2023-09-07,16.68161,20.80717
2023-09-08,15.06726,21.79372
2023-09-09,13.36322,17.21973
2023-09-10,12.10762,19.19282
2023-09-11,16.95067,25.38116
2023-09-12,18.0269,23.04932
2023-09-13,15.24663,22.06278
2023-09-14,16.7713,25.1121
2023-09-15,14.34977,25.91928
2023-09-16,10.9417,23.31838
2023-09-17,13.09417,21.70403
2023-09-18,19.55156,25.29147
2023-09-19,18.11659,24.03587
2023-09-20,14.70852,22.78026
2023-09-21,18.29596,21.70403
2023-09-22,13.63228,20.80717
2023-09-23,11.21076,16.41255
2023-09-24,11.47982,19.55156
2023-09-25,12.28699,19.73094
2023-09-26,15.24663,24.75336
2023-09-27,14.43946,15.87443
2023-09-28,7.89237,12.37668
2023-09-29,8.52017,13.99103
2023-09-30,8.07174,15.87443
2023-10-01,7.44394,16.41255
2023-10-02,8.69955,19.82062
2023-10-03,12.01793,18.29596
2023-10-04,12.46636,30.3139
2023-10-05,13.81165,24.57399
2023-10-06,12.28699,24.4843
2023-10-07,12.55605,18.0269
2023-10-08,11.83856,18.6547
2023-10-09,15.87443,23.40807
2023-10-10,14.52914,30.58295
2023-10-11,13.45291,24.03587
2023-10-12,13.81165,25.56053
2023-10-13,15.87443,20.71748
2023-10-14,11.92825,21.07623
2023-10-15,12.46636,18.29596
2023-10-16,15.426,22.95964
2023-10-17,15.51569,24.93273
2023-10-18,13.90134,20.0
2023-10-19,15.51569,24.75336
2023-10-20,13.36322,23.58744
2023-10-21,8.43049,20.80717
2023-10-22,10.58295,24.75336
2023-10-23,12.01793,27.80269
2023-10-24,12.55605,20.98654
2023-10-25,13.36322,23.58744
2023-10-26,15.51569,23.94618
2023-10-27,16.23318,21.07623
2023-10-28,12.64573,20.26905
2023-10-29,11.92825,19.64125
2023-10-30,16.59192,25.1121
2023-10-31,15.51569,20.98654
2023-11-01,15.51569,23.04932
2023-11-02,14.52914,23.8565
2023-11-03,14.34977,24.39461
2023-11-04,9.77578,16.86098
2023-11-05,11.39013,20.26905
2023-11-06,13.99103,25.65022
2023-11-07,14.70852,22.60089
2023-11-08,12.1973,23.8565
2023-11-09,14.70852,25.47085
2023-11-10,13.36322,23.67713
2023-11-11,10.76233,15.51569
2023-11-12,9.95515,26.09865
2023-11-13,12.10762,30.22421
2023-11-14,13.72197,32.28699
2023-11-15,17.48878,29.50672
2023-11-16,13.99103,25.82959
2023-11-17,13.27354,23.58744
2023-11-18,8.16143,19.19282
2023-11-19,11.30044,18.92376
2023-11-20,17.3991,26.09865
2023-11-21,16.86098,23.22869
2023-11-22,15.78475,24.30493
2023-11-23,14.61883,19.37219
2023-11-24,11.74887,20.89686
2023-11-25,8.9686,16.59192
2023-11-26,11.03139,20.89686
2023-11-27,14.7982,27.62331
2023-11-28,15.24663,24.03587
2023-11-29,18.56502,20.17937
2023-11-30,14.43946,21.61434
2023-12-01,10.58295,19.82062
2023-12-02,10.9417,18.74439
2023-12-03,11.12107,20.17937
2023-12-04,15.78475,32.37668
2023-12-05,17.13004,28.78923
2023-12-06,14.34977,27.17488
2023-12-07,13.5426,22.60089
2023-12-08,12.37668,24.66367
2023-12-09,10.22421,20.6278
2023-12-10,10.85201,18.38565
2023-12-11,12.10762,22.69058
2023-12-12,14.61883,23.04932
2023-12-13,14.61883,18.6547
2023-12-14,14.7982,23.22869
2023-12-15,13.18385,22.06278
2023-12-16,7.62331,19.19282
2023-12-17,10.3139,16.59192
2023-12-18,11.83856,22.24215
2023-12-19,11.65919,18.0269
2023-12-20,13.63228,18.29596
2023-12-21,11.47982,16.14349
2023-12-22,10.22421,16.59192
2023-12-23,9.14798,15.60538
2023-12-24,5.91928,11.39013
2023-12-25,7.44394,17.30941
2023-12-26,9.77578,19.91031
2023-12-27,14.70852,17.66816
2023-12-28,15.78475,19.73094
2023-12-29,12.37668,18.11659
2023-12-30,7.89237,14.70852
2023-12-31,6.27802,12.1973
2024-01-01,7.26457,17.48878
2024-01-02,11.12107,18.92376
2024-01-03,16.14349,18.56502
2024-01-04,12.37668,18.6547
2024-01-05,14.34977,18.6547
2024-01-06,10.40358,17.84753
2024-01-07,11.83856,16.68161
2024-01-08,11.5695,20.08968
2024-01-09,14.97757,20.08968
2024-01-10,12.91479,19.64125
2024-01-11,12.91479,17.66816
2024-01-12,13.36322,22.06278
2024-01-13,8.43049,17.84753
2024-01-14,9.50672,18.47533
2024-01-15,12.28699,25.02242
2024-01-16,15.06726,21.70403
2024-01-17,14.1704,20.26905
2024-01-18,13.99103,18.47533
2024-01-19,12.37668,20.0
2024-01-20,11.21076,18.92376
2024-01-21,11.92825,17.57847
2024-01-22,13.99103,20.89686
2024-01-23,14.34977,19.19282
2024-01-24,14.26008,22.95964
2024-01-25,12.82511,21.61434
2024-01-26,12.64573,20.6278
2024-01-27,11.12107,15.15695
2024-01-28,10.13452,19.10313
2024-01-29,12.91479,23.49775
2024-01-30,16.95067,19.10313
2024-01-31,13.5426,17.66816
2024-02-01,15.06726,18.0269
2024-02-02,13.81165,17.66816
2024-02-03,9.77578,12.91479
2024-02-04,11.92825,15.24663
2024-02-05,16.14349,19.73094
2024-02-06,15.33632,17.04035
2024-02-07,17.30941,16.23318
2024-02-08,13.09417,12.28699
2024-02-09,10.76233,14.52914
2024-02-10,7.62331,11.39013
2024-02-11,10.40358,14.43946
2024-02-12,12.10762,19.19282
2024-02-13,14.70852,20.89686
2024-02-14,15.15695,17.93721
2024-02-15,13.36322,16.32286
2024-02-16,11.21076,15.33632
2024-02-17,10.04484,15.33632
2024-02-18,10.85201,16.23318
2024-02-19,12.46636,16.68161
2024-02-20,15.426,17.93721
2024-02-21,13.99103,16.59192
2024-02-22,13.63228,17.13004
2024-02-23,13.09417,16.32286
2024-02-24,11.65919,14.88789
2024-02-25,12.37668,16.68161
2024-02-26,17.84753,20.89686
2024-02-27,16.95067,16.32286
2024-02-28,14.43946,17.66816
2024-02-29,15.69506,18.38565
2024-03-01,9.95515,16.7713
2024-03-02,12.91479,12.37668
2024-03-03,9.32735,19.55156
2024-03-04,16.68161,20.80717
2024-03-05,18.0269,14.70852
2024-03-06,17.21973,16.86098
2024-03-07,16.05381,13.99103
2024-03-08,16.7713,12.73542
2024-03-09,11.74887,11.65919
2024-03-10,13.81165,14.61883
2024-03-11,16.05381,14.34977
2024-03-12,15.78475,14.1704
2024-03-13,16.95067,15.24663
2024-03-14,19.82062,17.30941
2024-03-15,12.1973,14.61883
2024-03-16,12.37668,13.00448
2024-03-17,11.47982,11.74887
2024-03-18,15.60538,16.86098
2024-03-19,16.23318,16.41255
2024-03-20,14.7982,15.87443
2024-03-21,18.6547,15.426
2024-03-22,15.24663,12.46636
2024-03-23,10.67264,13.36322
2024-03-24,12.82511,12.55605
2024-03-25,16.50224,17.57847
2024-03-26,18.47533,16.05381
2024-03-27,17.21973,14.1704
2024-03-28,14.88789,15.51569
2024-03-29,17.30941,13.81165
2024-03-30,13.45291,14.70852
2024-03-31,12.82511,14.88789
2024-04-01,14.43946,18.47533
2024-04-02,15.15695,19.46188
2024-04-03,13.45291,15.06726
2024-04-04,15.33632,17.21973
2024-04-05,11.39013,13.5426
2024-04-06,9.59641,11.92825
2024-04-07,10.85201,13.18385
2024-04-08,14.26008,20.44843
2024-04-09,15.426,15.87443
2024-04-10,11.74887,22.86995
2024-04-11,14.08071,49.86547
2024-04-12,13.63228,31.03139
2024-04-13,10.3139,23.67713
2024-04-14,13.09417,24.12556
2024-04-15,21.2556,27.17488
2024-04-16,15.15695,24.75336
2024-04-17,18.0269,25.02242
2024-04-18,14.7982,19.55156
2024-04-19,14.1704,21.97309
2024-04-20,11.39013,14.88789
2024-04-21,12.73542,19.28251
2024-04-22,15.24663,21.8834
2024-04-23,14.70852,21.61434
2024-04-24,18.29596,21.8834
2024-04-25,13.81165,19.55156
2024-04-26,13.72197,17.84753
2024-04-27,10.85201,16.32286
2024-04-28,11.83856,16.68161
2024-04-29,15.24663,18.6547
2024-04-30,15.51569,18.0269
2024-05-01,11.12107,18.38565
2024-05-02,14.7982,17.48878
2024-05-03,13.18385,13.63228
2024-05-04,11.03139,11.47982
2024-05-05,10.40358,9.95515
2024-05-06,13.99103,15.24663
2024-05-07,15.24663,16.41255
2024-05-08,15.24663,14.52914
2024-05-09,16.05381,15.96412
2024-05-10,13.00448,13.45291
2024-05-11,9.95515,10.67264
2024-05-12,12.1973,13.99103
2024-05-13,16.59192,19.28251
2024-05-14,16.14349,16.05381
2024-05-15,13.18385,14.52914
2024-05-16,14.26008,16.05381
2024-05-17,14.61883,15.96412
2024-05-18,10.9417,12.10762
2024-05-19,9.86547,11.74887
2024-05-20,15.69506,17.04035
2024-05-21,13.63228,13.00448
2024-05-22,15.60538,17.48878
2024-05-23,15.78475,18.0269
2024-05-24,11.21076,17.30941
2024-05-25,10.04484,13.27354
2024-05-26,12.01793,17.13004
2024-05-27,13.27354,19.91031
2024-05-28,14.88789,21.2556
2024-05-29,17.48878,19.01345
2024-05-30,16.95067,18.47533
2024-05-31,16.32286,14.61883
2024-06-01,9.77578,14.61883
2024-06-02,11.39013,13.27354
2024-06-03,14.61883,20.53811
2024-06-04,12.55605,16.50224
2024-06-05,12.10762,17.75784
2024-06-06,11.65919,16.86098
2024-06-07,11.92825,15.51569
2024-06-08,10.3139,13.63228
2024-06-09,11.47982,16.86098
2024-06-10,14.7982,17.48878
2024-06-11,13.63228,16.7713
2024-06-12,15.87443,20.71748
2024-06-13,14.34977,19.28251
2024-06-14,15.51569,17.13004
2024-06-15,12.1973,14.1704
2024-06-16,9.77578,13.45291
2024-06-17,13.5426,24.93273
2024-06-18,13.81165,23.22869
2024-06-19,16.32286,20.89686
2024-06-20,17.30941,25.91928
2024-06-21,13.63228,20.71748
2024-06-22,10.3139,13.18385
2024-06-23,10.9417,17.30941
2024-06-24,15.69506,22.24215
2024-06-25,14.52914,24.66367
2024-06-26,19.19282,20.6278
2024-06-27,16.23318,22.42152
2024-06-28,14.7982,19.10313
2024-06-29,9.77578,17.21973
2024-06-30,10.76233,17.57847
2024-07-01,12.10762,25.20179
2024-07-02,14.26008,20.89686
2024-07-03,15.33632,21.43497
2024-07-04,13.5426,21.52466
2024-07-05,11.39013,19.46188
2024-07-06,9.86547,18.92376
2024-07-07,9.68609,18.92376
2024-07-08,13.5426,19.46188
2024-07-09,15.69506,21.43497
2024-07-10,14.1704,23.40807
2024-07-11,16.59192,24.30493
2024-07-12,14.1704,20.0
2024-07-13,12.91479,16.86098
2024-07-14,10.3139,16.86098
2024-07-15,14.52914,24.93273
2024-07-16,15.69506,27.89237
2024-07-17,15.06726,24.03587
2024-07-18,15.96412,25.82959
2024-07-19,14.52914,20.0
2024-07-20,10.40358,20.89686
2024-07-21,11.39013,21.43497
2024-07-22,13.99103,20.98654
2024-07-23,12.91479,20.89686
2024-07-24,13.45291,23.13901
2024-07-25,12.73542,22.69058
2024-07-26,12.82511,20.26905
2024-07-27,10.67264,14.88789
2024-07-28,10.40358,14.61883
2024-07-29,11.65919,22.06278
2024-07-30,11.12107,22.15246
2024-07-31,8.87892,17.3991
2024-08-01,13.27354,21.2556
2024-08-02,11.03139,16.59192
2024-08-03,9.23766,15.51569
2024-08-04,10.13452,15.51569
2024-08-05,12.82511,30.13452
2024-08-06,13.45291,23.31838
2024-08-07,12.91479,20.89686
2024-08-08,13.00448,20.80717
2024-08-09,14.26008,18.0269
2024-08-10,9.59641,13.63228
2024-08-11,9.50672,14.7982
2024-08-12,13.00448,19.64125
2024-08-13,14.1704,21.34529
2024-08-14,13.81165,16.59192
2024-08-15,13.00448,18.0269
2024-08-16,12.82511,21.52466
2024-08-17,10.9417,14.7982
2024-08-18,9.68609,17.66816
2024-08-19,13.63228,23.58744
2024-08-20,15.96412,25.82959
2024-08-21,14.97757,26.81614
2024-08-22,17.57847,20.80717
2024-08-23,16.23318,19.46188
2024-08-24,11.39013,15.33632
2024-08-25,10.85201,16.59192
2024-08-26,14.61883,22.86995
2024-08-27,14.52914,23.76681
2024-08-28,16.7713,21.2556
2024-08-29,14.52914,21.8834
2024-08-30,14.52914,19.73094
2024-08-31,11.5695,17.48878
2024-09-01,10.22421,15.60538
2024-09-02,18.56502,23.40807
2024-09-03,17.21973,23.04932
2024-09-04,18.6547,27.44394
2024-09-05,16.95067,20.98654
2024-09-06,14.61883,21.34529
2024-09-07,11.21076,16.50224
2024-09-08,13.72197,17.66816
2024-09-09,15.24663,23.76681
2024-09-10,15.96412,20.08968
2024-09-11,14.52914,19.01345
2024-09-12,15.15695,17.66816
2024-09-13,14.1704,17.48878
2024-09-14,10.40358,10.76233
2024-09-15,10.04484,12.37668
2024-09-16,7.80269,13.36322
2024-09-17,9.77578,12.1973
2024-09-18,12.28699,15.69506
2024-09-19,13.72197,24.75336
2024-09-20,14.70852,22.69058
2024-09-21,10.85201,18.74439
2024-09-22,13.18385,16.68161
2024-09-23,14.26008,23.31838
2024-09-24,17.75784,22.51121
2024-09-25,16.14349,26.54708
2024-09-26,14.97757,21.34529
2024-09-27,15.33632,15.78475
2024-09-28,12.1973,13.27354
2024-09-29,12.01793,14.52914
2024-09-30,12.28699,16.05381
2024-10-01,11.03139,14.97757
2024-10-02,12.01793,15.69506
2024-10-03,12.46636,12.55605
2024-10-04,10.76233,15.33632
2024-10-05,8.69955,12.1973
2024-10-06,10.13452,13.00448
2024-10-07,13.18385,18.38565
2024-10-08,14.97757,20.17937
2024-10-09,12.10762,19.46188
2024-10-10,15.96412,19.91031
2024-10-11,15.60538,19.19282
2024-10-12,9.41704,13.36322
2024-10-13,10.40358,14.52914
2024-10-14,14.88789,17.75784
2024-10-15,13.45291,19.01345
2024-10-16,14.70852,18.74439
2024-10-17,13.5426,14.34977
2024-10-18,10.3139,16.23318
2024-10-19,10.85201,13.00448
2024-10-20,7.89237,12.10762
2024-10-21,13.27354,16.23318
2024-10-22,13.00448,17.84753
2024-10-23,15.60538,16.05381
2024-10-24,13.18385,15.87443
2024-10-25,11.65919,13.90134
2024-10-26,9.41704,12.64573
2024-10-27,10.85201,14.97757
2024-10-28,16.23318,15.96412
2024-10-29,15.15695,14.34977
2024-10-30,16.59192,14.43946
2024-10-31,12.55605,14.88789
2024-11-01,12.28699,12.55605
2024-11-02,9.95515,9.86547
2024-11-03,8.3408,13.18385
2024-11-04,13.5426,14.7982
2024-11-05,12.46636,14.1704
2024-11-06,12.73542,15.87443
2024-11-07,14.26008,16.23318
2024-11-08,11.12107,14.61883
2024-11-09,9.32735,12.37668
2024-11-10,9.77578,11.5695
2024-11-11,13.81165,14.7982
2024-11-12,14.08071,14.97757
2024-11-13,13.72197,16.59192
2024-11-14,12.37668,15.69506
2024-11-15,14.1704,15.51569
2024-11-16,9.95515,11.5695
2024-11-17,9.59641,15.33632
2024-11-18,10.40358,16.14349
2024-11-19,12.73542,16.14349
2024-11-20,11.47982,13.81165
2024-11-21,13.5426,17.21973
2024-11-22,12.82511,16.50224
2024-11-23,7.44394,13.72197
2024-11-24,10.22421,13.45291
2024-11-25,10.58295,15.96412
2024-11-26,12.55605,18.11659
2024-11-27,10.85201,10.58295
2024-11-28,12.91479,15.60538
2024-11-29,10.3139,15.24663
2024-11-30,8.52017,11.30044
2024-12-01,9.68609,13.99103
2024-12-02,13.27354,18.20627
2024-12-03,13.72197,20.35874
2024-12-04,12.28699,31.12107
2024-12-05,12.73542,16.7713
2024-12-06,10.85201,15.69506
2024-12-07,10.13452,12.73542
2024-12-08,8.60986,20.17937
2024-12-09,16.32286,23.04932
2024-12-10,10.49327,16.86098
2024-12-11,12.28699,16.95067
2024-12-12,13.00448,14.52914
2024-12-13,11.5695,16.7713
2024-12-14,8.43049,20.26905
2024-12-15,8.52017,22.69058
2024-12-16,13.45291,23.49775
2024-12-17,13.5426,16.05381
2024-12-18,11.5695,15.51569
2024-12-19,11.74887,14.70852
2024-12-20,11.83856,15.06726
2024-12-21,9.50672,12.28699
2024-12-22,8.43049,15.60538
2024-12-23,11.74887,19.19282
2024-12-24,8.16143,14.43946
2024-12-25,6.81614,11.39013
2024-12-26,7.0852,14.1704
2024-12-27,9.14798,16.68161
2024-12-28,8.60986,13.5426
2024-12-29,7.0852,13.18385
2024-12-30,8.87892,14.52914
2024-12-31,6.72645,11.30044
2025-01-01,7.713,13.00448
2025-01-02,9.68609,12.10762
2025-01-03,10.58295,12.28699
2025-01-04,9.77578,11.21076
2025-01-05,9.14798,11.83856
2025-01-06,9.77578,14.08071
2025-01-07,10.22421,13.00448
2025-01-08,12.55605,12.64573
2025-01-09,10.22421,12.1973
2025-01-10,10.58295,13.81165
2025-01-11,7.89237,14.26008
2025-01-12,7.44394,12.91479
2025-01-13,9.86547,16.68161
2025-01-14,13.63228,13.27354
2025-01-15,11.74887,15.06726
2025-01-16,11.74887,11.92825
2025-01-17,11.47982,13.5426
2025-01-18,10.40358,10.58295
2025-01-19,7.62331,13.90134
2025-01-20,12.55605,14.97757
2025-01-21,11.74887,13.09417
2025-01-22,12.64573,14.7982
2025-01-23,12.91479,13.5426
2025-01-24,9.41704,12.37668
2025-01-25,8.78923,10.85201
2025-01-26,9.86547,11.47982
2025-01-27,8.43049,11.47982
2025-01-28,7.62331,10.40358
2025-01-29,6.00896,8.87892
2025-01-30,7.713,11.65919
2025-01-31,7.53363,10.85201
2025-02-01,8.78923,11.83856
2025-02-02,11.39013,14.34977
2025-02-03,10.22421,14.88789
2025-02-04,12.64573,14.61883
2025-02-05,11.12107,12.91479
2025-02-06,11.74887,13.36322
2025-02-07,11.39013,10.9417
2025-02-08,8.25112,13.09417
2025-02-09,8.16143,12.46636
2025-02-10,12.55605,16.14349
2025-02-11,9.68609,12.1973
2025-02-12,12.46636,16.68161
2025-02-13,13.18385,14.97757
2025-02-14,11.92825,13.90134
2025-02-15,10.67264,13.09417
2025-02-16,10.04484,13.63228
2025-02-17,11.21076,17.48878
2025-02-18,12.10762,16.05381
2025-02-19,11.83856,13.99103
2025-02-20,16.68161,16.05381
2025-02-21,13.5426,12.28699
2025-02-22,10.13452,12.91479
2025-02-23,8.78923,14.08071
2025-02-24,12.1973,14.61883
2025-02-25,12.73542,15.96412
2025-02-26,15.06726,16.32286
2025-02-27,15.06726,14.61883
2025-02-28,12.91479,15.51569
2025-03-01,9.32735,13.81165
2025-03-02,9.32735,13.90134
2025-03-03,12.37668,16.23318
2025-03-04,15.51569,16.14349
2025-03-05,14.70852,16.05381
2025-03-06,14.7982,16.14349
2025-03-07,14.70852,14.52914
2025-03-08,12.01793,13.63228
2025-03-09,11.83856,14.7982
2025-03-10,14.26008,16.86098
2025-03-11,13.18385,13.00448
2025-03-12,14.1704,12.1973
2025-03-13,13.5426,16.23318
2025-03-14,12.37668,13.09417
2025-03-15,7.80269,13.5426
2025-03-16,11.21076,12.82511
2025-03-17,13.63228,21.2556
2025-03-18,16.05381,20.80717
2025-03-19,13.90134,21.52466
2025-03-20,13.45291,17.04035
2025-03-21,12.64573,11.21076
2025-03-22,11.39013,10.9417
2025-03-23,8.52017,10.04484
2025-03-24,12.82511,11.92825
2025-03-25,12.73542,12.82511
2025-03-26,13.99103,13.63228
2025-03-27,13.63228,10.85201
2025-03-28,11.65919,9.50672
2025-03-29,8.78923,7.98206
2025-03-30,11.12107,10.04484
2025-03-31,11.21076,11.47982
2025-04-01,12.28699,8.69955
2025-04-02,10.22421,8.87892
2025-04-03,10.85201,11.39013
2025-04-04,10.13452,33.72197
2025-04-05,8.52017,17.48878
2025-04-06,9.23766,14.43946
2025-04-07,12.73542,19.19282
2025-04-08,13.09417,14.7982
2025-04-09,13.36322,14.7982
2025-04-10,13.72197,12.28699
2025-04-11,10.3139,10.85201
2025-04-12,11.65919,10.9417
2025-04-13,8.87892,13.45291
2025-04-14,10.3139,11.30044
2025-04-15,13.72197,13.99103
2025-04-16,12.46636,11.39013
2025-04-17,13.45291,11.83856
2025-04-18,12.64573,12.73542
2025-04-19,9.32735,10.76233
2025-04-20,9.77578,11.65919
2025-04-21,11.83856,12.28699
2025-04-22,15.60538,11.03139
2025-04-23,13.36322,12.28699
2025-04-24,12.10762,11.5695
2025-04-25,10.76233,12.28699
2025-04-26,12.01793,9.59641
2025-04-27,9.50672,9.23766
2025-04-28,10.04484,9.14798
2025-04-29,12.01793,11.92825
2025-04-30,11.74887,7.53363
2025-05-01,12.10762,8.16143
2025-05-02,9.77578,7.98206
2025-05-03,10.13452,8.69955
2025-05-04,7.89237,6.00896
2025-05-05,6.81614,10.67264
2025-05-06,9.32735,7.62331
2025-05-07,15.60538,10.9417
2025-05-08,13.27354,9.95515
2025-05-09,10.76233,8.25112
2025-05-10,9.95515,6.81614
2025-05-11,8.78923,7.35426
2025-05-12,13.90134,9.14798
2025-05-13,13.72197,9.41704
2025-05-14,14.88789,11.92825
2025-05-15,13.27354,9.05829
2025-05-16,10.67264,8.52017
2025-05-17,11.21076,8.25112
2025-05-18,9.50672,8.52017
2025-05-19,11.83856,9.32735
2025-05-20,17.04035,9.95515
2025-05-21,14.97757,12.64573
2025-05-22,14.43946,9.77578
2025-05-23,11.21076,8.3408
2025-05-24,9.05829,9.86547
2025-05-25,11.03139,9.05829
2025-05-26,13.45291,11.12107
2025-05-27,13.63228,10.40358
2025-05-28,14.08071,8.9686
2025-05-29,11.39013,12.10762
2025-05-30,12.28699,13.18385
2025-05-31,9.86547,7.713
2025-06-01,9.59641,8.69955
2025-06-02,13.00448,10.40358
2025-06-03,10.58295,21.70403
2025-06-04,11.47982,63.67713
2025-06-05,10.76233,28.07174
2025-06-06,8.69955,24.4843
2025-06-07,8.52017,21.2556
2025-06-08,9.23766,22.42152
2025-06-09,12.91479,25.56053
2025-06-10,12.73542,23.58744
2025-06-11,12.1973,23.40807
2025-06-12,12.01793,30.85201
2025-06-13,13.18385,35.15695
2025-06-14,9.14798,26.81614
2025-06-15,8.52017,30.40358
2025-06-16,12.82511,44.21524
2025-06-17,13.27354,36.05381
2025-06-18,14.52914,36.59192
2025-06-19,13.72197,33.63228
2025-06-20,11.21076,27.17488
2025-06-21,10.58295,20.6278
2025-06-22,9.86547,23.49775
2025-06-23,12.82511,26.45739
2025-06-24,14.43946,27.35426
2025-06-25,12.55605,31.21076
2025-06-26,10.9417,35.33632
2025-06-27,11.83856,66.09865
2025-06-28,8.78923,58.74439
2025-06-29,8.9686,44.03587
2025-06-30,9.14798,57.3991
2025-07-01,10.58295,44.75336
2025-07-02,11.30044,35.60538
2025-07-03,11.03139,33.27354
2025-07-04,13.00448,31.5695
2025-07-05,7.17488,24.4843
2025-07-06,8.52017,21.70403
2025-07-07,11.83856,27.98206
2025-07-08,9.68609,23.31838
2025-07-09,11.21076,22.15246
2025-07-10,10.9417,26.90582
2025-07-11,9.41704,22.24215
2025-07-12,7.17488,17.13004
2025-07-13,8.07174,16.05381
2025-07-14,11.21076,20.17937
